timestamp_utc,QSI,QBTS,RGTI,IONQ,QTUM
2026-01-13T12:31:11+00:00,1.215000033378601,28.780000686645508,25.51000022888184,50.93000030517578,117.75
2026-01-13T13:55:06+00:00,1.215000033378601,28.780000686645508,25.51000022888184,50.93000030517578,117.75
2026-01-13T14:56:39+00:00,1.2200000286102295,28.549699783325195,25.045000076293945,49.47499847412109,117.93000030517578
2026-01-13T15:53:41+00:00,1.2299000024795532,28.89999961853028,24.72410011291504,49.024200439453125,117.36319732666016
2026-01-13T17:02:13+00:00,1.2486000061035156,29.01000022888184,24.834999084472656,49.06499862670898,117.70999908447266
2026-01-13T17:54:53+00:00,1.274999976158142,29.246400833129883,25.039899826049805,49.09000015258789,117.5801010131836
2026-01-13T18:58:47+00:00,1.2827999591827393,28.780000686645508,24.92779922485352,48.9900016784668,117.41000366210938
2026-01-13T19:33:56+00:00,1.2799999713897705,28.700000762939453,24.729999542236328,49.07369995117188,117.47000122070312
2026-01-13T19:48:42+00:00,1.284999966621399,28.780000686645508,24.799999237060547,49.186500549316406,117.30999755859376
2026-01-13T19:58:50+00:00,1.3049999475479126,29.354999542236328,25.020000457763672,49.88999938964844,117.61000061035156
2026-01-13T20:50:00+00:00,1.2699999809265137,28.75,24.46999931335449,48.70000076293945,117.1500015258789
2026-01-13T21:00:17+00:00,1.274999976158142,28.82999992370605,24.47100067138672,48.94499969482422,117.3000030517578
2026-01-13T21:42:42+00:00,1.274999976158142,28.850000381469727,24.47100067138672,48.94499969482422,117.3000030517578
2026-01-13T21:55:44+00:00,1.274999976158142,28.850000381469727,24.47100067138672,48.94499969482422,117.3000030517578
2026-01-13T22:48:57+00:00,1.274999976158142,28.850000381469727,24.47100067138672,48.94499969482422,117.3000030517578
2026-01-13T22:58:22+00:00,1.274999976158142,28.850000381469727,24.47100067138672,48.94499969482422,117.3000030517578
2026-01-13T23:36:01+00:00,1.274999976158142,28.850000381469727,24.47100067138672,48.94499969482422,117.3000030517578
2026-01-13T23:50:56+00:00,1.274999976158142,28.850000381469727,24.47100067138672,48.94499969482422,117.3000030517578
2026-01-14T00:01:05+00:00,1.274999976158142,28.850000381469727,24.47100067138672,48.94499969482422,117.3000030517578
2026-01-14T04:15:28+00:00,1.274999976158142,28.850000381469727,24.47100067138672,48.94499969482422,117.3000030517578
2026-01-14T05:05:43+00:00,1.274999976158142,28.850000381469727,24.47100067138672,48.94499969482422,117.3000030517578
2026-01-14T05:52:18+00:00,1.274999976158142,28.850000381469727,24.47100067138672,48.94499969482422,117.3000030517578
2026-01-14T07:00:27+00:00,1.274999976158142,28.850000381469727,24.47100067138672,48.94499969482422,117.3000030517578
2026-01-14T07:47:13+00:00,1.274999976158142,28.850000381469727,24.47100067138672,48.94499969482422,117.3000030517578
2026-01-14T07:57:29+00:00,1.274999976158142,28.850000381469727,24.47100067138672,48.94499969482422,117.3000030517578
2026-01-14T09:01:10+00:00,1.274999976158142,28.850000381469727,24.47100067138672,48.94499969482422,117.3000030517578
2026-01-14T09:54:38+00:00,1.274999976158142,28.850000381469727,24.47100067138672,48.94499969482422,117.3000030517578
2026-01-14T10:54:37+00:00,1.274999976158142,28.850000381469727,24.47100067138672,48.94499969482422,117.3000030517578
2026-01-14T11:40:10+00:00,1.274999976158142,28.850000381469727,24.47100067138672,48.94499969482422,117.3000030517578
2026-01-14T11:54:09+00:00,1.274999976158142,28.850000381469727,24.47100067138672,48.94499969482422,117.3000030517578
2026-01-14T13:53:46+00:00,1.274999976158142,28.850000381469727,24.47100067138672,48.94499969482422,117.3000030517578
2026-01-14T14:55:59+00:00,1.274999976158142,28.100000381469727,24.28499984741211,48.16999816894531,116.94750213623048
2026-01-14T15:46:47+00:00,1.2651000022888184,28.225000381469727,24.299999237060547,47.66999816894531,116.80909729003906
2026-01-14T16:01:38+00:00,1.2599999904632568,28.45059967041016,24.239999771118164,47.775001525878906,116.66999816894533
2026-01-14T17:03:38+00:00,1.2799999713897705,28.84000015258789,24.549999237060547,48.5,116.52300262451172
2026-01-14T17:54:13+00:00,1.2615000009536743,28.809999465942383,24.381000518798828,48.11000061035156,116.25
2026-01-14T18:59:54+00:00,1.263100028038025,29.25900077819824,24.725000381469727,48.84170150756836,116.64330291748048
2026-01-14T19:35:33+00:00,1.2649999856948853,29.32999992370605,24.795000076293945,49.400001525878906,116.54419708251952
2026-01-14T19:49:32+00:00,1.2699999809265137,29.5,25.02359962463379,49.7400016784668,116.69409942626952
2026-01-14T19:59:20+00:00,1.26010000705719,29.56999969482422,25.21500015258789,49.7599983215332,116.56999969482422
2026-01-14T20:45:08+00:00,1.2798999547958374,29.780000686645508,25.39299964904785,50.36629867553711,116.83000183105467
2026-01-14T20:58:17+00:00,1.2798999547958374,30.09499931335449,25.68000030517578,50.69089889526367,117.2699966430664
2026-01-14T21:43:04+00:00,1.2799999713897705,30.14999961853028,25.71999931335449,50.900001525878906,117.31999969482422
2026-01-14T21:56:11+00:00,1.2799999713897705,30.14999961853028,25.71999931335449,50.900001525878906,117.31999969482422
2026-01-14T22:49:35+00:00,1.2799999713897705,30.14999961853028,25.71999931335449,50.900001525878906,117.31999969482422
2026-01-14T22:59:01+00:00,1.2799999713897705,30.14999961853028,25.71999931335449,50.900001525878906,117.31999969482422
2026-01-14T23:31:23+00:00,1.2799999713897705,30.14999961853028,25.71999931335449,50.900001525878906,117.31999969482422
2026-01-14T23:47:33+00:00,1.2799999713897705,30.14999961853028,25.71999931335449,50.900001525878906,117.31999969482422
2026-01-14T23:57:28+00:00,1.2799999713897705,30.14999961853028,25.71999931335449,50.900001525878906,117.31999969482422
2026-01-15T03:58:51+00:00,1.2799999713897705,30.14999961853028,25.71999931335449,50.900001525878906,117.31999969482422
2026-01-15T05:03:30+00:00,1.2799999713897705,30.14999961853028,25.71999931335449,50.900001525878906,117.31999969482422
2026-01-15T05:52:13+00:00,1.2799999713897705,30.14999961853028,25.71999931335449,50.900001525878906,117.31999969482422
2026-01-15T07:00:45+00:00,1.2799999713897705,30.14999961853028,25.71999931335449,50.900001525878906,117.31999969482422
2026-01-15T07:45:53+00:00,1.2799999713897705,30.14999961853028,25.71999931335449,50.900001525878906,117.31999969482422
2026-01-15T07:56:40+00:00,1.2799999713897705,30.14999961853028,25.71999931335449,50.900001525878906,117.31999969482422
2026-01-15T08:59:13+00:00,1.2799999713897705,30.14999961853028,25.71999931335449,50.900001525878906,117.31999969482422
2026-01-15T09:52:15+00:00,1.2799999713897705,30.14999961853028,25.71999931335449,50.900001525878906,117.31999969482422
2026-01-15T10:52:24+00:00,1.2799999713897705,30.14999961853028,25.71999931335449,50.900001525878906,117.31999969482422
2026-01-15T11:37:48+00:00,1.2799999713897705,30.14999961853028,25.71999931335449,50.900001525878906,117.31999969482422
2026-01-15T11:52:28+00:00,1.2799999713897705,30.14999961853028,25.71999931335449,50.900001525878906,117.31999969482422
2026-01-15T13:53:28+00:00,1.2799999713897705,30.14999961853028,25.71999931335449,50.900001525878906,117.31999969482422
2026-01-15T14:53:58+00:00,1.2599999904632568,31.0,25.73500061035156,50.36439895629883,119.2874984741211
2026-01-15T16:00:03+00:00,1.25,30.2549991607666,25.559999465942383,48.90499877929688,119.24120330810548
2026-01-15T17:51:39+00:00,1.258999943733215,29.799999237060547,25.5,48.94380187988281,119.25
2026-01-15T19:05:43+00:00,1.2599999904632568,30.4950008392334,25.84510040283203,49.649898529052734,119.16000366210938
2026-01-15T19:48:03+00:00,1.2549999952316284,29.749900817871094,25.3799991607666,49.05659866333008,118.8949966430664
2026-01-15T19:58:48+00:00,1.2549999952316284,30.06999969482422,25.6299991607666,49.27130126953125,118.8499984741211
2026-01-15T20:51:39+00:00,1.2400000095367432,29.045000076293945,25.059999465942383,47.90999984741211,118.26499938964844
2026-01-15T21:40:07+00:00,1.2350000143051147,28.7450008392334,24.709999084472656,47.56999969482422,118.11000061035156
2026-01-15T21:53:47+00:00,1.2350000143051147,28.7450008392334,24.709999084472656,47.56999969482422,118.11000061035156
2026-01-15T22:45:41+00:00,1.2350000143051147,28.7450008392334,24.709999084472656,47.56999969482422,118.11000061035156
2026-01-15T22:57:42+00:00,1.2350000143051147,28.7450008392334,24.709999084472656,47.56999969482422,118.11000061035156
2026-01-15T23:39:11+00:00,1.2350000143051147,28.7450008392334,24.709999084472656,47.56999969482422,118.11000061035156
2026-01-15T23:52:20+00:00,1.2350000143051147,28.7450008392334,24.709999084472656,47.56999969482422,118.11000061035156
2026-01-16T03:56:05+00:00,1.2350000143051147,28.7450008392334,24.709999084472656,47.56999969482422,118.11000061035156
2026-01-16T05:01:32+00:00,1.2350000143051147,28.7450008392334,24.709999084472656,47.56999969482422,118.11000061035156
2026-01-16T05:51:39+00:00,1.2350000143051147,28.7450008392334,24.709999084472656,47.56999969482422,118.11000061035156
2026-01-16T07:00:07+00:00,1.2350000143051147,28.7450008392334,24.709999084472656,47.56999969482422,118.11000061035156
2026-01-16T07:45:19+00:00,1.2350000143051147,28.7450008392334,24.709999084472656,47.56999969482422,118.11000061035156
2026-01-16T07:55:54+00:00,1.2350000143051147,28.7450008392334,24.709999084472656,47.56999969482422,118.11000061035156
2026-01-16T08:57:56+00:00,1.2350000143051147,28.7450008392334,24.709999084472656,47.56999969482422,118.11000061035156
2026-01-16T09:50:25+00:00,1.2350000143051147,28.7450008392334,24.709999084472656,47.56999969482422,118.11000061035156
2026-01-16T10:00:23+00:00,1.2350000143051147,28.7450008392334,24.709999084472656,47.56999969482422,118.11000061035156
2026-01-16T10:53:00+00:00,1.2350000143051147,28.7450008392334,24.709999084472656,47.56999969482422,118.11000061035156
2026-01-16T11:35:31+00:00,1.2350000143051147,28.7450008392334,24.709999084472656,47.56999969482422,118.11000061035156
2026-01-16T11:51:50+00:00,1.2350000143051147,28.7450008392334,24.709999084472656,47.56999969482422,118.11000061035156
2026-01-16T13:51:05+00:00,1.2350000143051147,28.7450008392334,24.709999084472656,47.56999969482422,118.11000061035156
2026-01-16T14:52:45+00:00,1.2649999856948853,29.210100173950195,25.25670051574707,48.90499877929688,118.62000274658205
2026-01-16T15:46:04+00:00,1.25,28.51000022888184,24.776599884033203,48.595001220703125,118.08070373535156
2026-01-16T16:00:13+00:00,1.2704999446868896,29.13999938964844,25.434999465942383,50.09000015258789,118.60540008544922
2026-01-16T16:59:47+00:00,1.2999000549316406,29.674999237060547,25.670000076293945,50.900001525878906,118.91999816894533
2026-01-16T17:50:08+00:00,1.2899999618530271,29.3700008392334,25.539899826049805,50.77000045776367,118.66999816894533
2026-01-16T17:59:24+00:00,1.2861000299453735,29.59000015258789,25.75,51.209999084472656,118.68000030517578
2026-01-16T19:00:15+00:00,1.2899999618530271,29.905000686645508,25.857500076293945,51.07099914550781,118.6999969482422
2026-01-16T19:31:38+00:00,1.274999976158142,29.459999084472656,25.6299991607666,50.79999923706055,118.64990234375
2026-01-16T19:44:11+00:00,1.274999976158142,29.395000457763672,25.81999969482422,50.96009826660156,118.75990295410156
2026-01-16T19:54:14+00:00,1.274999976158142,29.578100204467773,25.8700008392334,51.150001525878906,118.77999877929688
2026-01-16T20:39:39+00:00,1.2649999856948853,28.959999084472656,25.73500061035156,50.90499877929688,118.61840057373048
2026-01-16T20:55:13+00:00,1.2649999856948853,28.924999237060547,25.575000762939453,50.96989822387695,118.52999877929688
2026-01-16T21:39:37+00:00,1.2799999713897705,28.82999992370605,25.6299991607666,50.79999923706055,118.5
2026-01-16T21:53:01+00:00,1.2799999713897705,28.82999992370605,25.6299991607666,50.79999923706055,118.5
2026-01-16T22:44:21+00:00,1.2799999713897705,28.82999992370605,25.6299991607666,50.79999923706055,118.5
2026-01-16T22:56:20+00:00,1.2799999713897705,28.82999992370605,25.6299991607666,50.79999923706055,118.5
2026-01-16T23:38:15+00:00,1.2799999713897705,28.82999992370605,25.6299991607666,50.79999923706055,118.5
2026-01-16T23:51:09+00:00,1.2799999713897705,28.82999992370605,25.6299991607666,50.79999923706055,118.5
2026-01-17T03:46:14+00:00,1.2799999713897705,28.82999992370605,25.6299991607666,50.79999923706055,118.5
2026-01-17T04:54:31+00:00,1.2799999713897705,28.82999992370605,25.6299991607666,50.79999923706055,118.5
2026-01-17T05:41:50+00:00,1.2799999713897705,28.82999992370605,25.6299991607666,50.79999923706055,118.5
2026-01-17T05:53:16+00:00,1.2799999713897705,28.82999992370605,25.6299991607666,50.79999923706055,118.5
2026-01-17T06:55:21+00:00,1.2799999713897705,28.82999992370605,25.6299991607666,50.79999923706055,118.5
2026-01-17T07:32:59+00:00,1.2799999713897705,28.82999992370605,25.6299991607666,50.79999923706055,118.5
2026-01-17T07:45:41+00:00,1.2799999713897705,28.82999992370605,25.6299991607666,50.79999923706055,118.5
2026-01-17T07:55:13+00:00,1.2799999713897705,28.82999992370605,25.6299991607666,50.79999923706055,118.5
2026-01-17T08:50:57+00:00,1.2799999713897705,28.82999992370605,25.6299991607666,50.79999923706055,118.5
2026-01-17T09:01:09+00:00,1.2799999713897705,28.82999992370605,25.6299991607666,50.79999923706055,118.5
2026-01-17T09:38:45+00:00,1.2799999713897705,28.82999992370605,25.6299991607666,50.79999923706055,118.5
2026-01-17T09:50:19+00:00,1.2799999713897705,28.82999992370605,25.6299991607666,50.79999923706055,118.5
2026-01-17T10:00:01+00:00,1.2799999713897705,28.82999992370605,25.6299991607666,50.79999923706055,118.5
2026-01-17T10:43:55+00:00,1.2799999713897705,28.82999992370605,25.6299991607666,50.79999923706055,118.5
2026-01-17T10:54:15+00:00,1.2799999713897705,28.82999992370605,25.6299991607666,50.79999923706055,118.5
2026-01-17T11:29:51+00:00,1.2799999713897705,28.82999992370605,25.6299991607666,50.79999923706055,118.5
2026-01-17T11:44:30+00:00,1.2799999713897705,28.82999992370605,25.6299991607666,50.79999923706055,118.5
2026-01-17T11:54:28+00:00,1.2799999713897705,28.82999992370605,25.6299991607666,50.79999923706055,118.5
2026-01-17T13:36:41+00:00,1.2799999713897705,28.82999992370605,25.6299991607666,50.79999923706055,118.5
2026-01-17T13:52:39+00:00,1.2799999713897705,28.82999992370605,25.6299991607666,50.79999923706055,118.5
2026-01-17T14:39:16+00:00,1.2799999713897705,28.82999992370605,25.6299991607666,50.79999923706055,118.5
2026-01-17T14:51:59+00:00,1.2799999713897705,28.82999992370605,25.6299991607666,50.79999923706055,118.5
2026-01-17T15:35:05+00:00,1.2799999713897705,28.82999992370605,25.6299991607666,50.79999923706055,118.5
2026-01-17T15:49:41+00:00,1.2799999713897705,28.82999992370605,25.6299991607666,50.79999923706055,118.5
2026-01-17T15:59:14+00:00,1.2799999713897705,28.82999992370605,25.6299991607666,50.79999923706055,118.5
2026-01-17T16:47:41+00:00,1.2799999713897705,28.82999992370605,25.6299991607666,50.79999923706055,118.5
2026-01-17T16:57:27+00:00,1.2799999713897705,28.82999992370605,25.6299991607666,50.79999923706055,118.5
2026-01-17T17:36:26+00:00,1.2799999713897705,28.82999992370605,25.6299991607666,50.79999923706055,118.5
2026-01-17T17:47:49+00:00,1.2799999713897705,28.82999992370605,25.6299991607666,50.79999923706055,118.5
2026-01-17T17:57:18+00:00,1.2799999713897705,28.82999992370605,25.6299991607666,50.79999923706055,118.5
2026-01-17T18:52:54+00:00,1.2799999713897705,28.82999992370605,25.6299991607666,50.79999923706055,118.5
2026-01-17T19:27:19+00:00,1.2799999713897705,28.82999992370605,25.6299991607666,50.79999923706055,118.5
2026-01-17T19:42:23+00:00,1.2799999713897705,28.82999992370605,25.6299991607666,50.79999923706055,118.5
2026-01-17T19:52:32+00:00,1.2799999713897705,28.82999992370605,25.6299991607666,50.79999923706055,118.5
2026-01-17T20:39:25+00:00,1.2799999713897705,28.82999992370605,25.6299991607666,50.79999923706055,118.5
2026-01-17T20:53:03+00:00,1.2799999713897705,28.82999992370605,25.6299991607666,50.79999923706055,118.5
2026-01-17T21:32:08+00:00,1.2799999713897705,28.82999992370605,25.6299991607666,50.79999923706055,118.5
2026-01-17T21:45:17+00:00,1.2799999713897705,28.82999992370605,25.6299991607666,50.79999923706055,118.5
2026-01-17T21:54:37+00:00,1.2799999713897705,28.82999992370605,25.6299991607666,50.79999923706055,118.5
2026-01-17T22:40:25+00:00,1.2799999713897705,28.82999992370605,25.6299991607666,50.79999923706055,118.5
2026-01-17T22:52:26+00:00,1.2799999713897705,28.82999992370605,25.6299991607666,50.79999923706055,118.5
2026-01-17T23:33:03+00:00,1.2799999713897705,28.82999992370605,25.6299991607666,50.79999923706055,118.5
2026-01-17T23:48:06+00:00,1.2799999713897705,28.82999992370605,25.6299991607666,50.79999923706055,118.5
2026-01-17T23:57:43+00:00,1.2799999713897705,28.82999992370605,25.6299991607666,50.79999923706055,118.5
2026-01-18T04:11:13+00:00,1.2799999713897705,28.82999992370605,25.6299991607666,50.79999923706055,118.5
2026-01-18T05:02:33+00:00,1.2799999713897705,28.82999992370605,25.6299991607666,50.79999923706055,118.5
2026-01-18T05:48:20+00:00,1.2799999713897705,28.82999992370605,25.6299991607666,50.79999923706055,118.5
2026-01-18T05:58:07+00:00,1.2799999713897705,28.82999992370605,25.6299991607666,50.79999923706055,118.5
2026-01-18T06:56:57+00:00,1.2799999713897705,28.82999992370605,25.6299991607666,50.79999923706055,118.5
2026-01-18T07:34:53+00:00,1.2799999713897705,28.82999992370605,25.6299991607666,50.79999923706055,118.5
2026-01-18T07:46:33+00:00,1.2799999713897705,28.82999992370605,25.6299991607666,50.79999923706055,118.5
2026-01-18T07:56:01+00:00,1.2799999713897705,28.82999992370605,25.6299991607666,50.79999923706055,118.5
2026-01-18T08:51:24+00:00,1.2799999713897705,28.82999992370605,25.6299991607666,50.79999923706055,118.5
2026-01-18T09:37:55+00:00,1.2799999713897705,28.82999992370605,25.6299991607666,50.79999923706055,118.5
2026-01-18T09:50:54+00:00,1.2799999713897705,28.82999992370605,25.6299991607666,50.79999923706055,118.5
2026-01-18T10:00:17+00:00,1.2799999713897705,28.82999992370605,25.6299991607666,50.79999923706055,118.5
2026-01-18T10:45:33+00:00,1.2799999713897705,28.82999992370605,25.6299991607666,50.79999923706055,118.5
2026-01-18T10:55:27+00:00,1.2799999713897705,28.82999992370605,25.6299991607666,50.79999923706055,118.5
2026-01-18T11:29:24+00:00,1.2799999713897705,28.82999992370605,25.6299991607666,50.79999923706055,118.5
2026-01-18T11:43:56+00:00,1.2799999713897705,28.82999992370605,25.6299991607666,50.79999923706055,118.5
2026-01-18T11:53:45+00:00,1.2799999713897705,28.82999992370605,25.6299991607666,50.79999923706055,118.5
2026-01-18T13:37:30+00:00,1.2799999713897705,28.82999992370605,25.6299991607666,50.79999923706055,118.5
2026-01-18T13:53:03+00:00,1.2799999713897705,28.82999992370605,25.6299991607666,50.79999923706055,118.5
2026-01-18T14:38:15+00:00,1.2799999713897705,28.82999992370605,25.6299991607666,50.79999923706055,118.5
2026-01-18T14:51:04+00:00,1.2799999713897705,28.82999992370605,25.6299991607666,50.79999923706055,118.5
2026-01-18T15:00:38+00:00,1.2799999713897705,28.82999992370605,25.6299991607666,50.79999923706055,118.5
2026-01-18T15:38:01+00:00,1.2799999713897705,28.82999992370605,25.6299991607666,50.79999923706055,118.5
2026-01-18T15:49:49+00:00,1.2799999713897705,28.82999992370605,25.6299991607666,50.79999923706055,118.5
2026-01-18T15:59:22+00:00,1.2799999713897705,28.82999992370605,25.6299991607666,50.79999923706055,118.5
2026-01-18T16:49:52+00:00,1.2799999713897705,28.82999992370605,25.6299991607666,50.79999923706055,118.5
2026-01-18T16:59:40+00:00,1.2799999713897705,28.82999992370605,25.6299991607666,50.79999923706055,118.5
2026-01-18T17:39:08+00:00,1.2799999713897705,28.82999992370605,25.6299991607666,50.79999923706055,118.5
2026-01-18T17:50:46+00:00,1.2799999713897705,28.82999992370605,25.6299991607666,50.79999923706055,118.5
2026-01-18T18:00:51+00:00,1.2799999713897705,28.82999992370605,25.6299991607666,50.79999923706055,118.5
2026-01-18T18:52:56+00:00,1.2799999713897705,28.82999992370605,25.6299991607666,50.79999923706055,118.5
2026-01-18T19:27:06+00:00,1.2799999713897705,28.82999992370605,25.6299991607666,50.79999923706055,118.5
2026-01-18T19:42:15+00:00,1.2799999713897705,28.82999992370605,25.6299991607666,50.79999923706055,118.5
2026-01-18T19:52:23+00:00,1.2799999713897705,28.82999992370605,25.6299991607666,50.79999923706055,118.5
2026-01-18T20:40:26+00:00,1.2799999713897705,28.82999992370605,25.6299991607666,50.79999923706055,118.5
2026-01-18T20:53:29+00:00,1.2799999713897705,28.82999992370605,25.6299991607666,50.79999923706055,118.5
2026-01-18T21:31:57+00:00,1.2799999713897705,28.82999992370605,25.6299991607666,50.79999923706055,118.5
2026-01-18T21:45:55+00:00,1.2799999713897705,28.82999992370605,25.6299991607666,50.79999923706055,118.5
2026-01-18T21:55:19+00:00,1.2799999713897705,28.82999992370605,25.6299991607666,50.79999923706055,118.5
2026-01-18T22:41:26+00:00,1.2799999713897705,28.82999992370605,25.6299991607666,50.79999923706055,118.5
2026-01-18T22:53:33+00:00,1.2799999713897705,28.82999992370605,25.6299991607666,50.79999923706055,118.5
2026-01-18T23:34:11+00:00,1.2799999713897705,28.82999992370605,25.6299991607666,50.79999923706055,118.5
2026-01-18T23:50:07+00:00,1.2799999713897705,28.82999992370605,25.6299991607666,50.79999923706055,118.5
2026-01-18T23:59:43+00:00,1.2799999713897705,28.82999992370605,25.6299991607666,50.79999923706055,118.5
2026-01-19T04:19:27+00:00,1.2799999713897705,28.82999992370605,25.6299991607666,50.79999923706055,118.5
2026-01-19T05:51:03+00:00,1.2799999713897705,28.82999992370605,25.6299991607666,50.79999923706055,118.5
2026-01-19T07:06:24+00:00,1.2799999713897705,28.82999992370605,25.6299991607666,50.79999923706055,118.5
2026-01-19T07:52:52+00:00,1.2799999713897705,28.82999992370605,25.6299991607666,50.79999923706055,118.5
2026-01-19T09:02:36+00:00,1.2799999713897705,28.82999992370605,25.6299991607666,50.79999923706055,118.5
2026-01-19T09:59:56+00:00,1.2799999713897705,28.82999992370605,25.6299991607666,50.79999923706055,118.5
2026-01-19T10:58:21+00:00,1.2799999713897705,28.82999992370605,25.6299991607666,50.79999923706055,118.5
2026-01-19T11:41:47+00:00,1.2799999713897705,28.82999992370605,25.6299991607666,50.79999923706055,118.5
2026-01-19T11:55:50+00:00,1.2799999713897705,28.82999992370605,25.6299991607666,50.79999923706055,118.5
2026-01-19T13:57:02+00:00,1.2799999713897705,28.82999992370605,25.6299991607666,50.79999923706055,118.5
2026-01-19T14:57:54+00:00,1.2799999713897705,28.82999992370605,25.6299991607666,50.79999923706055,118.5
2026-01-19T15:52:36+00:00,1.2799999713897705,28.82999992370605,25.6299991607666,50.79999923706055,118.5
2026-01-19T16:59:14+00:00,1.2799999713897705,28.82999992370605,25.6299991607666,50.79999923706055,118.5
2026-01-19T17:49:34+00:00,1.2799999713897705,28.82999992370605,25.6299991607666,50.79999923706055,118.5
2026-01-19T17:59:29+00:00,1.2799999713897705,28.82999992370605,25.6299991607666,50.79999923706055,118.5
2026-01-19T18:59:46+00:00,1.2799999713897705,28.82999992370605,25.6299991607666,50.79999923706055,118.5
2026-01-19T19:33:24+00:00,1.2799999713897705,28.82999992370605,25.6299991607666,50.79999923706055,118.5
2026-01-19T19:46:45+00:00,1.2799999713897705,28.82999992370605,25.6299991607666,50.79999923706055,118.5
2026-01-19T19:56:32+00:00,1.2799999713897705,28.82999992370605,25.6299991607666,50.79999923706055,118.5
2026-01-19T20:45:56+00:00,1.2799999713897705,28.82999992370605,25.6299991607666,50.79999923706055,118.5
2026-01-19T20:57:45+00:00,1.2799999713897705,28.82999992370605,25.6299991607666,50.79999923706055,118.5
2026-01-19T21:38:36+00:00,1.2799999713897705,28.82999992370605,25.6299991607666,50.79999923706055,118.5
2026-01-19T21:51:53+00:00,1.2799999713897705,28.82999992370605,25.6299991607666,50.79999923706055,118.5
2026-01-19T22:43:55+00:00,1.2799999713897705,28.82999992370605,25.6299991607666,50.79999923706055,118.5
2026-01-19T22:57:08+00:00,1.2799999713897705,28.82999992370605,25.6299991607666,50.79999923706055,118.5
2026-01-19T23:38:57+00:00,1.2799999713897705,28.82999992370605,25.6299991607666,50.79999923706055,118.5
2026-01-19T23:53:29+00:00,1.2799999713897705,28.82999992370605,25.6299991607666,50.79999923706055,118.5
2026-01-20T04:05:22+00:00,1.2799999713897705,28.82999992370605,25.6299991607666,50.79999923706055,118.5
2026-01-20T05:47:19+00:00,1.2799999713897705,28.82999992370605,25.6299991607666,50.79999923706055,118.5
2026-01-20T07:04:03+00:00,1.2799999713897705,28.82999992370605,25.6299991607666,50.79999923706055,118.5
2026-01-20T07:51:54+00:00,1.2799999713897705,28.82999992370605,25.6299991607666,50.79999923706055,118.5
2026-01-20T09:03:28+00:00,1.2799999713897705,28.82999992370605,25.6299991607666,50.79999923706055,118.5
2026-01-20T09:58:23+00:00,1.2799999713897705,28.82999992370605,25.6299991607666,50.79999923706055,118.5
2026-01-20T10:58:46+00:00,1.2799999713897705,28.82999992370605,25.6299991607666,50.79999923706055,118.5
2026-01-20T11:45:27+00:00,1.2799999713897705,28.82999992370605,25.6299991607666,50.79999923706055,118.5
2026-01-20T11:58:20+00:00,1.2799999713897705,28.82999992370605,25.6299991607666,50.79999923706055,118.5
2026-01-20T13:59:35+00:00,1.2799999713897705,28.82999992370605,25.6299991607666,50.79999923706055,118.5
2026-01-20T15:02:12+00:00,1.2036999464035034,26.270000457763672,23.8700008392334,49.08300018310547,116.8499984741211
2026-01-20T16:00:47+00:00,1.2095999717712402,27.6299991607666,25.3346004486084,52.01499938964844,117.45010375976562
2026-01-20T17:05:25+00:00,1.2289999723434448,28.269899368286133,26.1299991607666,53.84000015258789,117.80999755859376
2026-01-20T17:57:47+00:00,1.215000033378601,28.174999237060547,25.809999465942383,53.33000183105469,117.13600158691406
2026-01-20T20:36:34+00:00,1.2000000476837158,27.39929962158203,25.184999465942383,51.630001068115234,116.16999816894533
2026-01-20T21:02:19+00:00,1.1950000524520874,27.040000915527344,25.030000686645508,50.65999984741211,116.08000183105467
2026-01-20T21:43:00+00:00,1.1950000524520874,27.040000915527344,25.030000686645508,50.65999984741211,116.08000183105467
2026-01-20T21:53:03+00:00,1.1950000524520874,27.040000915527344,25.030000686645508,50.65999984741211,116.08000183105467
2026-01-20T22:41:02+00:00,1.1950000524520874,27.040000915527344,25.030000686645508,50.65999984741211,116.08000183105467
2026-01-20T22:52:56+00:00,1.1950000524520874,27.040000915527344,25.030000686645508,50.65999984741211,116.08000183105467
2026-01-20T23:41:26+00:00,1.1950000524520874,27.040000915527344,25.030000686645508,50.65999984741211,116.13999938964844
2026-01-20T23:55:47+00:00,1.1950000524520874,27.040000915527344,25.030000686645508,50.65999984741211,116.08000183105467
2026-01-21T04:03:53+00:00,1.1950000524520874,27.040000915527344,25.030000686645508,50.65999984741211,116.08000183105467
2026-01-21T05:46:02+00:00,1.1950000524520874,27.040000915527344,25.030000686645508,50.65999984741211,116.13999938964844
2026-01-21T06:01:21+00:00,1.1950000524520874,27.040000915527344,25.030000686645508,50.65999984741211,116.08000183105467
2026-01-21T07:43:13+00:00,1.1950000524520874,27.040000915527344,25.030000686645508,50.65999984741211,116.13999938964844
2026-01-21T08:00:02+00:00,1.1950000524520874,27.040000915527344,25.030000686645508,50.65999984741211,116.13999938964844
2026-01-21T09:02:53+00:00,1.1950000524520874,27.040000915527344,25.030000686645508,50.65999984741211,116.08000183105467
2026-01-21T09:58:28+00:00,1.1950000524520874,27.040000915527344,25.030000686645508,50.65999984741211,116.08000183105467
2026-01-21T10:59:48+00:00,1.1950000524520874,27.040000915527344,25.030000686645508,50.65999984741211,116.13999938964844
2026-01-21T11:47:14+00:00,1.1950000524520874,27.040000915527344,25.030000686645508,50.65999984741211,116.08000183105467
2026-01-21T11:58:51+00:00,1.1950000524520874,27.040000915527344,25.030000686645508,50.65999984741211,116.08000183105467
2026-01-21T13:59:26+00:00,1.1950000524520874,27.040000915527344,25.030000686645508,50.65999984741211,116.08000183105467
2026-01-21T15:02:35+00:00,,,,,
2026-01-21T16:02:45+00:00,,,,,
2026-01-21T18:09:36+00:00,,,,,
2026-01-21T19:42:54+00:00,,,,,
2026-01-21T20:59:12+00:00,,,,,
2026-01-21T21:54:32+00:00,,,,,
2026-01-21T22:56:23+00:00,,,,,
2026-01-21T23:49:38+00:00,,,,,
2026-01-22T00:00:36+00:00,,,,,
2026-01-22T04:16:27+00:00,,,,,
2026-01-22T05:48:44+00:00,,,,,
2026-01-22T06:01:20+00:00,,,,,
2026-01-22T07:04:29+00:00,,,,,
2026-01-22T07:51:21+00:00,,,,,
2026-01-22T09:03:42+00:00,,,,,
2026-01-22T09:57:57+00:00,,,,,
2026-01-22T10:58:37+00:00,,,,,
2026-01-22T11:45:43+00:00,,,,,
2026-01-22T11:58:33+00:00,,,,,
2026-01-22T13:59:42+00:00,,,,,
2026-01-22T15:01:45+00:00,,,,,
2026-01-22T16:00:32+00:00,,,,,
2026-01-22T17:46:50+00:00,,,,,
2026-01-22T19:02:42+00:00,,,,,
2026-01-22T19:46:26+00:00,,,,,
2026-01-22T19:58:11+00:00,,,,,
2026-01-22T20:54:39+00:00,,,,,
2026-01-22T21:46:40+00:00,,,,,
2026-01-22T21:59:59+00:00,,,,,
2026-01-22T22:52:15+00:00,,,,,
2026-01-22T23:39:36+00:00,,,,,
2026-01-22T23:54:06+00:00,,,,,
2026-01-23T03:58:34+00:00,,,,,
2026-01-23T05:04:49+00:00,,,,,
2026-01-23T05:53:53+00:00,,,,,
2026-01-23T07:02:22+00:00,,,,,
2026-01-23T07:47:43+00:00,,,,,
2026-01-23T07:57:31+00:00,,,,,
2026-01-23T09:00:10+00:00,,,,,
2026-01-23T09:54:23+00:00,,,,,
2026-01-23T10:54:28+00:00,,,,,
2026-01-23T11:39:38+00:00,,,,,
2026-01-23T11:56:05+00:00,,,,,
2026-01-23T13:55:20+00:00,,,,,
2026-01-23T14:56:15+00:00,,,,,
2026-01-23T15:52:39+00:00,,,,,
2026-01-23T17:01:05+00:00,,,,,
2026-01-23T17:49:21+00:00,,,,,
2026-01-23T17:59:08+00:00,,,,,
2026-01-23T19:03:08+00:00,,,,,
2026-01-23T19:43:28+00:00,,,,,
2026-01-23T19:54:10+00:00,,,,,
2026-01-23T20:49:51+00:00,,,,,
2026-01-23T21:00:43+00:00,,,,,
2026-01-23T21:41:00+00:00,,,,,
2026-01-23T21:53:24+00:00,,,,,
2026-01-23T22:41:51+00:00,,,,,
2026-01-23T22:55:38+00:00,,,,,
2026-01-23T23:39:25+00:00,,,,,
2026-01-23T23:53:26+00:00,,,,,
2026-01-24T03:51:54+00:00,,,,,
2026-01-24T04:57:57+00:00,,,,,
2026-01-24T05:43:54+00:00,,,,,
2026-01-24T05:54:59+00:00,,,,,
2026-01-24T06:57:02+00:00,,,,,
2026-01-24T07:34:42+00:00,,,,,
2026-01-24T07:47:00+00:00,,,,,
2026-01-24T07:56:50+00:00,,,,,
2026-01-24T08:52:54+00:00,,,,,
2026-01-24T09:38:25+00:00,,,,,
2026-01-24T09:50:59+00:00,,,,,
2026-01-24T10:00:22+00:00,,,,,
2026-01-24T10:46:42+00:00,,,,,
2026-01-24T10:56:45+00:00,,,,,
2026-01-24T11:31:21+00:00,,,,,
2026-01-24T11:45:47+00:00,,,,,
2026-01-24T11:55:44+00:00,,,,,
2026-01-24T13:41:04+00:00,,,,,
2026-01-24T13:56:15+00:00,,,,,
2026-01-24T14:41:28+00:00,,,,,
2026-01-24T14:53:37+00:00,,,,,
2026-01-24T15:37:51+00:00,,,,,
2026-01-24T15:50:50+00:00,,,,,
2026-01-24T16:00:44+00:00,,,,,
2026-01-24T16:51:38+00:00,,,,,
2026-01-24T17:37:13+00:00,,,,,
2026-01-24T17:50:10+00:00,,,,,
2026-01-24T17:59:54+00:00,,,,,
2026-01-24T18:55:53+00:00,,,,,
2026-01-24T19:29:25+00:00,,,,,
2026-01-24T19:43:12+00:00,,,,,
2026-01-24T19:52:38+00:00,,,,,
2026-01-24T20:39:32+00:00,,,,,
2026-01-24T20:53:23+00:00,,,,,
2026-01-24T21:32:09+00:00,,,,,
2026-01-24T21:45:58+00:00,,,,,
2026-01-24T21:56:04+00:00,,,,,
2026-01-24T22:41:26+00:00,,,,,
2026-01-24T22:53:34+00:00,,,,,
2026-01-24T23:34:13+00:00,,,,,
2026-01-24T23:49:31+00:00,,,,,
2026-01-24T23:59:29+00:00,,,,,
2026-01-25T04:22:00+00:00,,,,,
2026-01-25T05:46:01+00:00,,,,,
2026-01-25T05:59:22+00:00,,,,,
2026-01-25T06:59:03+00:00,,,,,
2026-01-25T07:38:48+00:00,,,,,
2026-01-25T07:50:50+00:00,,,,,
2026-01-25T08:00:21+00:00,,,,,
2026-01-25T08:53:55+00:00,,,,,
2026-01-25T09:40:05+00:00,,,,,
2026-01-25T09:52:54+00:00,,,,,
2026-01-25T10:44:54+00:00,,,,,
2026-01-25T10:56:37+00:00,,,,,
2026-01-25T11:31:42+00:00,,,,,
2026-01-25T11:45:36+00:00,,,,,
2026-01-25T11:55:37+00:00,,,,,
2026-01-25T13:44:22+00:00,,,,,
2026-01-25T13:58:16+00:00,,,,,
2026-01-25T14:42:05+00:00,,,,,
2026-01-25T14:54:10+00:00,,,,,
2026-01-25T15:38:48+00:00,,,,,
2026-01-25T15:52:04+00:00,,,,,
2026-01-25T16:50:59+00:00,,,,,
2026-01-25T17:01:09+00:00,,,,,
2026-01-25T17:41:00+00:00,,,,,
2026-01-25T17:52:29+00:00,,,,,
2026-01-25T18:54:52+00:00,,,,,
2026-01-25T19:30:18+00:00,,,,,
2026-01-25T19:44:59+00:00,,,,,
2026-01-25T19:54:56+00:00,,,,,
2026-01-25T20:44:12+00:00,,,,,
2026-01-25T20:57:30+00:00,,,,,
2026-01-25T21:35:43+00:00,,,,,
2026-01-25T21:49:41+00:00,,,,,
2026-01-25T21:59:05+00:00,,,,,
2026-01-25T22:45:15+00:00,,,,,
2026-01-25T22:56:42+00:00,,,,,
2026-01-25T23:38:15+00:00,,,,,
2026-01-25T23:52:42+00:00,,,,,
2026-01-26T04:35:27+00:00,,,,,
2026-01-26T05:56:00+00:00,,,,,
2026-01-26T07:05:28+00:00,,,,,
2026-01-26T07:51:45+00:00,,,,,
2026-01-26T09:02:33+00:00,,,,,
2026-01-26T09:59:30+00:00,,,,,
2026-01-26T10:56:37+00:00,,,,,
2026-01-26T11:39:08+00:00,,,,,
2026-01-26T11:53:51+00:00,,,,,
2026-01-26T13:56:32+00:00,,,,,
2026-01-26T14:59:56+00:00,,,,,
2026-01-26T15:56:36+00:00,,,,,
2026-01-26T17:05:41+00:00,,,,,
2026-01-26T17:57:21+00:00,,,,,
2026-01-26T19:04:41+00:00,,,,,
2026-01-26T19:45:13+00:00,,,,,
2026-01-26T19:57:37+00:00,,,,,
2026-01-26T20:54:14+00:00,,,,,
2026-01-26T21:47:32+00:00,,,,,
2026-01-26T21:59:44+00:00,,,,,
2026-01-26T22:50:56+00:00,,,,,
2026-01-26T23:00:58+00:00,,,,,
2026-01-26T23:47:25+00:00,,,,,
2026-01-26T23:58:39+00:00,,,,,
2026-01-27T04:14:06+00:00,,,,,
2026-01-27T05:45:54+00:00,,,,,
2026-01-27T06:00:51+00:00,,,,,
2026-01-27T07:04:56+00:00,,,,,
2026-01-27T07:51:46+00:00,,,,,
2026-01-27T09:02:41+00:00,,,,,
2026-01-27T09:58:48+00:00,,,,,
2026-01-27T10:59:44+00:00,,,,,
2026-01-27T11:46:35+00:00,,,,,
2026-01-27T11:59:23+00:00,,,,,
2026-01-27T14:01:01+00:00,,,,,
2026-01-27T15:03:58+00:00,,,,,
2026-01-27T15:55:03+00:00,,,,,
2026-01-27T17:02:32+00:00,,,,,
2026-01-27T17:56:50+00:00,,,,,
2026-01-27T19:17:57+00:00,,,,,
2026-01-27T19:54:10+00:00,,,,,
2026-01-27T20:48:49+00:00,,,,,
2026-01-27T21:00:23+00:00,,,,,
2026-01-27T21:39:29+00:00,,,,,
2026-01-27T21:54:30+00:00,,,,,
2026-01-27T22:46:24+00:00,,,,,
2026-01-27T22:58:29+00:00,,,,,
2026-01-27T23:43:50+00:00,,,,,
2026-01-27T23:57:10+00:00,,,,,
2026-01-28T04:11:25+00:00,,,,,
2026-01-28T05:46:58+00:00,,,,,
2026-01-28T06:01:17+00:00,,,,,
2026-01-28T07:04:31+00:00,,,,,
2026-01-28T07:50:25+00:00,,,,,
2026-01-28T07:59:58+00:00,,,,,
2026-01-28T09:05:16+00:00,,,,,
2026-01-28T09:59:49+00:00,,,,,
2026-01-28T10:59:51+00:00,,,,,
2026-01-28T11:45:19+00:00,,,,,
2026-01-28T11:58:02+00:00,,,,,
2026-01-28T14:00:15+00:00,,,,,
2026-01-28T15:02:49+00:00,,,,,
2026-01-28T16:04:34+00:00,,,,,
2026-01-28T17:51:39+00:00,,,,,
2026-01-28T19:04:04+00:00,,,,,
2026-01-28T19:54:49+00:00,,,,,
2026-01-28T21:02:31+00:00,,,,,
2026-01-28T21:57:10+00:00,,,,,
2026-01-28T22:58:48+00:00,,,,,
2026-01-28T23:51:54+00:00,,,,,
2026-01-29T04:53:45+00:00,,,,,
2026-01-29T07:29:37+00:00,,,,,
2026-01-29T10:01:09+00:00,,,,,
2026-01-29T11:46:59+00:00,,,,,
2026-01-29T14:10:45+00:00,,,,,
2026-01-29T16:00:13+00:00,,,,,
2026-01-29T17:57:42+00:00,,,,,
2026-01-29T19:44:04+00:00,,,,,
2026-01-29T20:55:53+00:00,,,,,
2026-01-29T21:55:01+00:00,,,,,
2026-01-29T22:58:39+00:00,,,,,
2026-01-29T23:52:23+00:00,,,,,
2026-01-30T04:57:50+00:00,,,,,
2026-01-30T07:29:50+00:00,,,,,
2026-01-30T09:08:07+00:00,,,,,
2026-01-30T11:01:48+00:00,,,,,
2026-01-30T11:55:50+00:00,,,,,
2026-01-30T14:07:22+00:00,,,,,
2026-01-30T15:54:46+00:00,,,,,
2026-01-30T17:54:02+00:00,,,,,
2026-01-30T19:45:50+00:00,,,,,
2026-01-30T20:59:22+00:00,,,,,
2026-01-30T21:49:49+00:00,,,,,
2026-01-30T21:59:44+00:00,,,,,
2026-01-30T22:58:51+00:00,,,,,
2026-01-30T23:52:20+00:00,,,,,
2026-01-31T04:48:19+00:00,,,,,
2026-01-31T06:04:13+00:00,,,,,
2026-01-31T07:42:08+00:00,,,,,
2026-01-31T07:59:19+00:00,,,,,
2026-01-31T08:59:44+00:00,,,,,
2026-01-31T09:53:33+00:00,,,,,
2026-01-31T10:54:14+00:00,,,,,
2026-01-31T11:38:52+00:00,,,,,
2026-01-31T11:54:54+00:00,,,,,
2026-01-31T13:53:08+00:00,,,,,
2026-01-31T14:53:14+00:00,,,,,
2026-01-31T15:46:21+00:00,,,,,
2026-01-31T16:01:03+00:00,,,,,
2026-01-31T16:59:51+00:00,,,,,
2026-01-31T17:52:24+00:00,,,,,
2026-01-31T18:59:35+00:00,,,,,
2026-01-31T19:38:35+00:00,,,,,
2026-01-31T19:53:04+00:00,,,,,
2026-01-31T20:49:52+00:00,,,,,
2026-01-31T21:00:47+00:00,,,,,
2026-01-31T21:45:34+00:00,,,,,
2026-01-31T21:57:33+00:00,,,,,
2026-01-31T22:52:31+00:00,,,,,
2026-01-31T23:42:18+00:00,,,,,
2026-01-31T23:58:06+00:00,,,,,
2026-02-01T05:17:19+00:00,,,,,
2026-02-01T07:27:09+00:00,,,,,
2026-02-01T08:01:05+00:00,,,,,
2026-02-01T09:02:45+00:00,,,,,
2026-02-01T09:56:21+00:00,,,,,
2026-02-01T10:56:45+00:00,,,,,
2026-02-01T11:41:46+00:00,,,,,
2026-02-01T11:57:46+00:00,,,,,
2026-02-01T13:55:10+00:00,,,,,
2026-02-01T14:55:48+00:00,,,,,
2026-02-01T15:51:10+00:00,,,,,
2026-02-01T16:58:44+00:00,,,,,
2026-02-01T17:53:21+00:00,,,,,
2026-02-01T19:04:40+00:00,,,,,
2026-02-01T19:46:44+00:00,,,,,
2026-02-01T19:58:50+00:00,,,,,
2026-02-01T20:54:21+00:00,,,,,
2026-02-01T21:45:16+00:00,,,,,
2026-02-01T21:59:09+00:00,,,,,
2026-02-01T22:56:00+00:00,,,,,
2026-02-01T23:51:16+00:00,,,,,
2026-02-02T05:16:49+00:00,,,,,
2026-02-02T07:57:07+00:00,,,,,
2026-02-02T10:29:59+00:00,,,,,
2026-02-02T11:57:35+00:00,,,,,
2026-02-02T14:27:02+00:00,,,,,
2026-02-02T16:01:58+00:00,,,,,
2026-02-02T18:04:54+00:00,,,,,
2026-02-02T23:56:44+00:00,,,,,
2026-02-03T05:07:36+00:00,,,,,
2026-02-03T07:33:32+00:00,,,,,
2026-02-03T09:26:47+00:00,,,,,
2026-02-03T11:23:02+00:00,,,,,
2026-02-03T12:03:27+00:00,,,,,
2026-02-03T14:35:04+00:00,,,,,
2026-02-03T17:40:20+00:00,,,,,
2026-02-03T19:52:38+00:00,,,,,
2026-02-03T21:50:36+00:00,,,,,
2026-02-03T23:00:57+00:00,,,,,
2026-02-03T23:55:59+00:00,,,,,
2026-02-04T04:59:41+00:00,,,,,
2026-02-04T07:34:48+00:00,,,,,
2026-02-04T10:04:27+00:00,,,,,
2026-02-04T11:48:53+00:00,,,,,
2026-02-04T14:28:16+00:00,,,,,
2026-02-04T17:12:37+00:00,,,,,
2026-02-04T19:29:42+00:00,,,,,
2026-02-04T21:02:33+00:00,,,,,
2026-02-04T21:56:19+00:00,,,,,
2026-02-04T22:59:41+00:00,,,,,
2026-02-04T23:55:33+00:00,,,,,
2026-02-05T05:08:37+00:00,,,,,
2026-02-05T07:55:37+00:00,,,,,
2026-02-05T10:10:18+00:00,,,,,
2026-02-05T11:53:03+00:00,,,,,
2026-02-05T14:33:33+00:00,,,,,
2026-02-05T17:32:08+00:00,,,,,
2026-02-05T19:47:03+00:00,,,,,
2026-02-05T21:03:15+00:00,,,,,
2026-02-05T21:57:17+00:00,,,,,
2026-02-05T23:00:10+00:00,,,,,
2026-02-05T23:52:11+00:00,,,,,
2026-02-06T05:06:24+00:00,,,,,
2026-02-06T07:52:21+00:00,,,,,
2026-02-06T10:05:46+00:00,,,,,
2026-02-06T11:49:56+00:00,,,,,
2026-02-06T14:27:14+00:00,,,,,
2026-02-06T16:08:48+00:00,,,,,
2026-02-06T18:08:14+00:00,,,,,
2026-02-06T19:51:43+00:00,,,,,
2026-02-06T21:02:36+00:00,,,,,
2026-02-06T21:55:46+00:00,,,,,
2026-02-06T22:52:44+00:00,,,,,
2026-02-06T23:53:10+00:00,,,,,
2026-02-07T04:53:00+00:00,,,,,
2026-02-07T07:08:54+00:00,,,,,
2026-02-07T07:55:37+00:00,,,,,
2026-02-07T09:00:53+00:00,,,,,
2026-02-07T09:56:09+00:00,,,,,
2026-02-07T10:56:30+00:00,,,,,
2026-02-07T11:43:09+00:00,,,,,
2026-02-07T11:58:47+00:00,,,,,
2026-02-07T13:56:19+00:00,,,,,
2026-02-07T14:56:06+00:00,,,,,
2026-02-07T15:50:45+00:00,,,,,
2026-02-07T17:00:09+00:00,,,,,
2026-02-07T17:54:58+00:00,,,,,
2026-02-07T19:05:08+00:00,,,,,
2026-02-07T19:46:39+00:00,,,,,
2026-02-07T19:58:24+00:00,,,,,
2026-02-07T20:57:31+00:00,,,,,
2026-02-07T21:53:57+00:00,,,,,
2026-02-07T22:59:16+00:00,,,,,
2026-02-08T00:00:57+00:00,,,,,
2026-02-08T05:20:30+00:00,,,,,
2026-02-08T07:29:40+00:00,,,,,
2026-02-08T08:02:19+00:00,,,,,
2026-02-08T09:03:12+00:00,,,,,
2026-02-08T09:57:18+00:00,,,,,
2026-02-08T10:58:56+00:00,,,,,
2026-02-08T11:47:14+00:00,,,,,
2026-02-08T11:59:23+00:00,,,,,
2026-02-08T13:57:35+00:00,,,,,
2026-02-08T14:58:11+00:00,,,,,
2026-02-08T15:53:41+00:00,,,,,
2026-02-08T17:01:12+00:00,,,,,
2026-02-08T17:55:45+00:00,,,,,
2026-02-08T19:14:59+00:00,,,,,
2026-02-08T19:51:02+00:00,,,,,
2026-02-08T20:56:05+00:00,,,,,
2026-02-08T21:54:36+00:00,,,,,
2026-02-08T23:00:29+00:00,,,,,
2026-02-08T23:57:28+00:00,,,,,
2026-02-09T08:05:47+00:00,,,,,
2026-02-09T11:13:29+00:00,,,,,
2026-02-09T14:39:48+00:00,,,,,
2026-02-09T17:38:16+00:00,,,,,
2026-02-09T20:05:45+00:00,,,,,
2026-02-09T22:04:17+00:00,,,,,
2026-02-09T23:56:05+00:00,,,,,
2026-02-10T05:51:16+00:00,,,,,
2026-02-10T08:07:29+00:00,,,,,
2026-02-10T11:15:56+00:00,,,,,
2026-02-10T14:47:16+00:00,,,,,
2026-02-10T18:14:03+00:00,,,,,
2026-02-10T20:09:54+00:00,,,,,
2026-02-10T22:10:21+00:00,,,,,
2026-02-11T00:02:48+00:00,,,,,
2026-02-11T05:46:24+00:00,,,,,
2026-02-11T08:04:10+00:00,,,,,
2026-02-11T10:35:44+00:00,,,,,
2026-02-11T14:38:02+00:00,,,,,
2026-02-11T18:09:06+00:00,,,,,
2026-02-11T20:02:52+00:00,,,,,
2026-02-11T21:53:05+00:00,,,,,
2026-02-11T23:03:16+00:00,,,,,
2026-02-11T23:56:57+00:00,,,,,
2026-02-12T05:19:09+00:00,,,,,
2026-02-12T07:59:25+00:00,,,,,
2026-02-12T10:29:43+00:00,,,,,
2026-02-12T11:25:10+00:00,,,,,
2026-02-12T12:01:25+00:00,,,,,
2026-02-12T13:40:29+00:00,,,,,
2026-02-12T14:36:11+00:00,,,,,
2026-02-12T15:30:39+00:00,,,,,
2026-02-12T16:33:42+00:00,,,,,
2026-02-12T17:39:20+00:00,,,,,
2026-02-12T18:37:17+00:00,,,,,
2026-02-12T19:37:37+00:00,,,,,
2026-02-12T20:01:53+00:00,,,,,
2026-02-12T20:47:54+00:00,,,,,
2026-02-12T21:19:24+00:00,,,,,
2026-02-12T21:53:33+00:00,,,,,
2026-02-12T22:25:10+00:00,,,,,
2026-02-12T22:57:02+00:00,,,,,
2026-02-12T23:32:45+00:00,,,,,
2026-02-12T23:57:20+00:00,,,,,
2026-02-13T02:38:04+00:00,,,,,
2026-02-13T04:34:14+00:00,,,,,
2026-02-13T05:46:22+00:00,,,,,
2026-02-13T06:42:04+00:00,,,,,
2026-02-13T07:38:38+00:00,,,,,
2026-02-13T08:25:40+00:00,,,,,
2026-02-13T09:09:26+00:00,,,,,
2026-02-13T10:01:10+00:00,,,,,
2026-02-13T10:54:32+00:00,,,,,
2026-02-13T11:28:42+00:00,,,,,
2026-02-13T11:56:15+00:00,,,,,
2026-02-13T13:02:09+00:00,,,,,
2026-02-13T14:06:34+00:00,,,,,
2026-02-13T14:58:21+00:00,,,,,
2026-02-13T15:51:22+00:00,,,,,
2026-02-13T16:30:04+00:00,,,,,
2026-02-13T17:25:52+00:00,,,,,
2026-02-13T18:03:20+00:00,,,,,
2026-02-13T19:05:30+00:00,,,,,
2026-02-13T19:51:06+00:00,,,,,
2026-02-13T20:22:11+00:00,,,,,
2026-02-13T21:01:52+00:00,,,,,
2026-02-13T21:47:54+00:00,,,,,
2026-02-13T22:17:55+00:00,,,,,
2026-02-13T22:55:31+00:00,,,,,
2026-02-13T23:29:49+00:00,,,,,
2026-02-13T23:55:49+00:00,,,,,
2026-02-14T02:00:38+00:00,,,,,
2026-02-14T04:16:35+00:00,,,,,
2026-02-14T05:16:56+00:00,,,,,
2026-02-14T06:01:44+00:00,,,,,
2026-02-14T06:59:46+00:00,,,,,
2026-02-14T07:40:08+00:00,,,,,
2026-02-14T07:58:53+00:00,,,,,
2026-02-14T08:43:25+00:00,,,,,
2026-02-14T09:04:48+00:00,,,,,
2026-02-14T09:44:32+00:00,,,,,
2026-02-14T10:00:31+00:00,,,,,
2026-02-14T10:38:29+00:00,,,,,
2026-02-14T10:58:57+00:00,,,,,
2026-02-14T11:30:11+00:00,,,,,
2026-02-14T11:48:57+00:00,,,,,
2026-02-14T11:59:32+00:00,,,,,
2026-02-14T13:07:58+00:00,,,,,
2026-02-14T13:52:31+00:00,,,,,
2026-02-14T14:18:40+00:00,,,,,
2026-02-14T14:48:37+00:00,,,,,
2026-02-14T15:12:14+00:00,,,,,
2026-02-14T15:43:06+00:00,,,,,
2026-02-14T15:59:30+00:00,,,,,
2026-02-14T16:41:02+00:00,,,,,
2026-02-14T17:02:28+00:00,,,,,
2026-02-14T17:36:11+00:00,,,,,
2026-02-14T17:55:16+00:00,,,,,
2026-02-14T18:32:15+00:00,,,,,
2026-02-14T19:02:13+00:00,,,,,
2026-02-14T19:33:16+00:00,,,,,
2026-02-14T19:49:48+00:00,,,,,
2026-02-14T19:59:29+00:00,,,,,
2026-02-14T20:36:49+00:00,,,,,
2026-02-14T20:56:25+00:00,,,,,
2026-02-14T21:26:06+00:00,,,,,
2026-02-14T21:47:47+00:00,,,,,
2026-02-14T21:59:37+00:00,,,,,
2026-02-14T22:34:30+00:00,,,,,
2026-02-14T22:55:48+00:00,,,,,
2026-02-14T23:24:05+00:00,,,,,
2026-02-14T23:45:36+00:00,,,,,
2026-02-14T23:59:54+00:00,,,,,
2026-02-15T03:16:19+00:00,,,,,
2026-02-15T05:03:49+00:00,,,,,
2026-02-15T06:05:34+00:00,,,,,
2026-02-15T07:04:46+00:00,,,,,
2026-02-15T07:46:25+00:00,,,,,
2026-02-15T08:02:08+00:00,,,,,
2026-02-15T08:48:06+00:00,,,,,
2026-02-15T09:17:08+00:00,,,,,
2026-02-15T09:50:03+00:00,,,,,
2026-02-15T10:12:40+00:00,,,,,
2026-02-15T10:48:06+00:00,,,,,
2026-02-15T11:11:15+00:00,,,,,
2026-02-15T11:35:31+00:00,,,,,
2026-02-15T11:52:36+00:00,,,,,
2026-02-15T12:29:04+00:00,,,,,
2026-02-15T13:28:41+00:00,,,,,
2026-02-15T14:01:20+00:00,,,,,
2026-02-15T14:38:40+00:00,,,,,
2026-02-15T14:59:52+00:00,,,,,
2026-02-15T15:34:22+00:00,,,,,
2026-02-15T15:53:35+00:00,,,,,
2026-02-15T16:21:28+00:00,,,,,
2026-02-15T16:52:48+00:00,,,,,
2026-02-15T17:18:51+00:00,,,,,
2026-02-15T17:47:05+00:00,,,,,
2026-02-15T18:00:44+00:00,,,,,
2026-02-15T18:51:02+00:00,,,,,
2026-02-15T19:16:06+00:00,,,,,
2026-02-15T19:41:40+00:00,,,,,
2026-02-15T19:56:08+00:00,,,,,
2026-02-15T20:28:14+00:00,,,,,
2026-02-15T20:53:06+00:00,,,,,
2026-02-15T21:17:13+00:00,,,,,
2026-02-15T21:42:49+00:00,,,,,
2026-02-15T21:57:34+00:00,,,,,
2026-02-15T22:30:12+00:00,,,,,
2026-02-15T22:54:59+00:00,,,,,
2026-02-15T23:23:40+00:00,,,,,
2026-02-15T23:48:24+00:00,,,,,
2026-02-16T00:02:17+00:00,,,,,
2026-02-16T03:15:11+00:00,,,,,
2026-02-16T05:12:00+00:00,,,,,
2026-02-16T06:15:28+00:00,,,,,
2026-02-16T07:32:42+00:00,,,,,
2026-02-16T08:06:47+00:00,,,,,
2026-02-16T09:05:08+00:00,,,,,
2026-02-16T10:07:58+00:00,,,,,
2026-02-16T11:05:50+00:00,,,,,
2026-02-16T11:51:54+00:00,,,,,
2026-02-16T12:35:14+00:00,,,,,
2026-02-16T13:50:05+00:00,,,,,
2026-02-16T14:34:25+00:00,,,,,
2026-02-16T15:24:02+00:00,,,,,
2026-02-16T16:03:37+00:00,,,,,
2026-02-16T16:59:08+00:00,,,,,
2026-02-16T17:45:28+00:00,,,,,
2026-02-16T18:23:46+00:00,,,,,
2026-02-16T19:07:44+00:00,,,,,
2026-02-16T19:44:41+00:00,,,,,
2026-02-16T20:01:13+00:00,,,,,
2026-02-16T20:42:47+00:00,,,,,
2026-02-16T21:03:19+00:00,,,,,
2026-02-16T21:39:29+00:00,,,,,
2026-02-16T21:58:36+00:00,,,,,
2026-02-16T22:37:05+00:00,,,,,
2026-02-16T23:01:07+00:00,,,,,
2026-02-16T23:38:59+00:00,,,,,
2026-02-16T23:58:52+00:00,,,,,
2026-02-17T02:49:34+00:00,,,,,
2026-02-17T04:44:34+00:00,,,,,
2026-02-17T05:48:04+00:00,,,,,
2026-02-17T06:40:30+00:00,,,,,
2026-02-17T07:38:52+00:00,,,,,
2026-02-17T08:26:11+00:00,,,,,
2026-02-17T09:12:13+00:00,,,,,
2026-02-17T10:07:48+00:00,,,,,
2026-02-17T11:05:28+00:00,,,,,
2026-02-17T11:51:09+00:00,,,,,
2026-02-17T12:31:09+00:00,,,,,
2026-02-17T13:49:13+00:00,,,,,
2026-02-17T14:36:53+00:00,,,,,
2026-02-17T15:33:43+00:00,,,,,
2026-02-17T16:35:30+00:00,,,,,
2026-02-17T17:39:01+00:00,,,,,
2026-02-17T18:34:52+00:00,,,,,
2026-02-17T19:32:14+00:00,,,,,
2026-02-17T20:02:56+00:00,,,,,
2026-02-17T20:52:12+00:00,,,,,
2026-02-17T21:25:30+00:00,,,,,
2026-02-17T21:57:39+00:00,,,,,
2026-02-17T22:36:54+00:00,,,,,
2026-02-17T23:01:01+00:00,,,,,
2026-02-17T23:38:55+00:00,,,,,
2026-02-17T23:59:55+00:00,,,,,
2026-02-18T02:54:44+00:00,,,,,
2026-02-18T04:50:42+00:00,,,,,
2026-02-18T05:51:55+00:00,,,,,
2026-02-18T06:48:19+00:00,,,,,
2026-02-18T07:40:52+00:00,,,,,
2026-02-18T08:27:29+00:00,,,,,
2026-02-18T09:12:04+00:00,,,,,
2026-02-18T10:06:37+00:00,,,,,
2026-02-18T11:03:54+00:00,,,,,
2026-02-18T11:50:50+00:00,,,,,
2026-02-18T12:29:52+00:00,,,,,
2026-02-18T13:49:59+00:00,,,,,
2026-02-18T14:36:20+00:00,,,,,
2026-02-18T15:32:05+00:00,,,,,
2026-02-18T16:38:28+00:00,,,,,
2026-02-18T17:39:27+00:00,,,,,
2026-02-18T18:29:27+00:00,,,,,
2026-02-18T19:30:13+00:00,,,,,
2026-02-18T20:05:13+00:00,,,,,
2026-02-18T20:54:23+00:00,,,,,
2026-02-18T21:30:45+00:00,,,,,
2026-02-18T21:59:53+00:00,,,,,
2026-02-18T22:43:13+00:00,,,,,
2026-02-18T23:14:25+00:00,,,,,
2026-02-18T23:46:39+00:00,,,,,
2026-02-19T00:56:53+00:00,,,,,
2026-02-19T03:37:55+00:00,,,,,
2026-02-19T05:12:34+00:00,,,,,
2026-02-19T06:15:02+00:00,,,,,
2026-02-19T07:18:07+00:00,,,,,
2026-02-19T08:00:52+00:00,,,,,
2026-02-19T08:57:59+00:00,,,,,
2026-02-19T09:56:02+00:00,,,,,
2026-02-19T10:42:43+00:00,,,,,
2026-02-19T11:26:56+00:00,,,,,
2026-02-19T12:01:27+00:00,,,,,
2026-02-19T13:38:28+00:00,,,,,
2026-02-19T14:34:20+00:00,,,,,
2026-02-19T15:27:22+00:00,,,,,
2026-02-19T16:27:18+00:00,,,,,
2026-02-19T17:29:37+00:00,,,,,
2026-02-19T18:29:02+00:00,,,,,
2026-02-19T19:25:00+00:00,,,,,
2026-02-19T19:56:15+00:00,,,,,
2026-02-19T20:34:29+00:00,,,,,
2026-02-19T21:01:54+00:00,,,,,
2026-02-19T21:44:07+00:00,,,,,
2026-02-19T22:03:18+00:00,,,,,
2026-02-19T22:47:19+00:00,,,,,
2026-02-19T23:16:49+00:00,,,,,
2026-02-19T23:48:10+00:00,,,,,
2026-02-20T00:53:43+00:00,,,,,
2026-02-20T03:29:21+00:00,,,,,
2026-02-20T05:05:55+00:00,,,,,
2026-02-20T06:06:17+00:00,,,,,
2026-02-20T07:12:10+00:00,,,,,
2026-02-20T07:56:42+00:00,,,,,
2026-02-20T08:42:52+00:00,,,,,
2026-02-20T09:26:21+00:00,,,,,
2026-02-20T10:04:52+00:00,,,,,
2026-02-20T10:55:03+00:00,,,,,
2026-02-20T11:30:18+00:00,,,,,
2026-02-20T11:57:14+00:00,,,,,
2026-02-20T13:05:54+00:00,,,,,
2026-02-20T14:04:48+00:00,,,,,
2026-02-20T14:56:19+00:00,,,,,
2026-02-20T15:37:40+00:00,,,,,
2026-02-20T16:06:50+00:00,,,,,
2026-02-20T16:57:15+00:00,,,,,
2026-02-20T17:40:16+00:00,,,,,
2026-02-20T18:24:32+00:00,,,,,
2026-02-20T19:11:14+00:00,,,,,
2026-02-20T19:48:25+00:00,,,,,
2026-02-20T20:02:06+00:00,,,,,
2026-02-20T20:45:28+00:00,,,,,
2026-02-20T21:01:48+00:00,,,,,
2026-02-20T21:36:02+00:00,,,,,
2026-02-20T21:54:38+00:00,,,,,
2026-02-20T22:21:36+00:00,,,,,
2026-02-20T22:50:28+00:00,,,,,
2026-02-20T23:16:19+00:00,,,,,
2026-02-20T23:46:33+00:00,,,,,
2026-02-21T00:01:38+00:00,,,,,
2026-02-21T02:43:55+00:00,,,,,
2026-02-21T04:20:19+00:00,,,,,
2026-02-21T05:15:17+00:00,,,,,
2026-02-21T05:57:54+00:00,,,,,
2026-02-21T06:51:20+00:00,,,,,
2026-02-21T07:22:53+00:00,,,,,
2026-02-21T07:49:11+00:00,,,,,
2026-02-21T08:01:56+00:00,,,,,
2026-02-21T08:45:15+00:00,,,,,
2026-02-21T09:14:26+00:00,,,,,
2026-02-21T09:46:41+00:00,,,,,
2026-02-21T10:00:34+00:00,,,,,
2026-02-21T10:37:02+00:00,,,,,
2026-02-21T10:58:00+00:00,,,,,
2026-02-21T11:27:34+00:00,,,,,
2026-02-21T11:46:44+00:00,,,,,
2026-02-21T11:58:08+00:00,,,,,
2026-02-21T13:00:55+00:00,,,,,
2026-02-21T13:49:06+00:00,,,,,
2026-02-21T14:13:08+00:00,,,,,
2026-02-21T14:45:41+00:00,,,,,
2026-02-21T15:01:07+00:00,,,,,
2026-02-21T15:35:19+00:00,,,,,
2026-02-21T15:53:06+00:00,,,,,
2026-02-21T16:19:47+00:00,,,,,
2026-02-21T16:51:44+00:00,,,,,
2026-02-21T17:16:15+00:00,,,,,
2026-02-21T17:45:23+00:00,,,,,
2026-02-21T17:59:36+00:00,,,,,
2026-02-21T18:49:34+00:00,,,,,
2026-02-21T19:14:16+00:00,,,,,
2026-02-21T19:39:16+00:00,,,,,
2026-02-21T19:53:44+00:00,,,,,
2026-02-21T20:17:41+00:00,,,,,
2026-02-21T20:43:43+00:00,,,,,
2026-02-21T20:59:04+00:00,,,,,
2026-02-21T21:32:03+00:00,,,,,
2026-02-21T21:50:25+00:00,,,,,
2026-02-21T22:00:28+00:00,,,,,
2026-02-21T22:34:42+00:00,,,,,
2026-02-21T22:55:47+00:00,,,,,
2026-02-21T23:23:58+00:00,,,,,
2026-02-21T23:45:05+00:00,,,,,
2026-02-21T23:58:44+00:00,,,,,
2026-02-22T02:51:00+00:00,,,,,
2026-02-22T04:42:14+00:00,,,,,
2026-02-22T05:40:25+00:00,,,,,
2026-02-22T06:28:18+00:00,,,,,
2026-02-22T07:21:59+00:00,,,,,
2026-02-22T07:52:14+00:00,,,,,
2026-02-22T08:20:00+00:00,,,,,
2026-02-22T08:52:25+00:00,,,,,
2026-02-22T09:21:00+00:00,,,,,
2026-02-22T09:50:16+00:00,,,,,
2026-02-22T10:12:02+00:00,,,,,
2026-02-22T10:45:44+00:00,,,,,
2026-02-22T11:01:08+00:00,,,,,
2026-02-22T11:31:10+00:00,,,,,
2026-02-22T11:47:59+00:00,,,,,
2026-02-22T11:58:53+00:00,,,,,
2026-02-22T13:07:37+00:00,,,,,
2026-02-22T13:51:17+00:00,,,,,
2026-02-22T14:15:22+00:00,,,,,
2026-02-22T14:47:14+00:00,,,,,
2026-02-22T15:02:38+00:00,,,,,
2026-02-22T15:36:42+00:00,,,,,
2026-02-22T15:54:26+00:00,,,,,
2026-02-22T16:24:19+00:00,,,,,
2026-02-22T16:54:56+00:00,,,,,
2026-02-22T17:22:57+00:00,,,,,
2026-02-22T17:48:50+00:00,,,,,
2026-02-22T18:01:30+00:00,,,,,
2026-02-22T18:50:48+00:00,,,,,
2026-02-22T19:15:33+00:00,,,,,
2026-02-22T19:40:14+00:00,,,,,
2026-02-22T19:55:04+00:00,,,,,
2026-02-22T20:23:40+00:00,,,,,
2026-02-22T20:48:59+00:00,,,,,
2026-02-22T21:11:46+00:00,,,,,
2026-02-22T21:40:04+00:00,,,,,
2026-02-22T21:56:31+00:00,,,,,
2026-02-22T22:27:02+00:00,,,,,
2026-02-22T22:52:28+00:00,,,,,
2026-02-22T23:16:09+00:00,,,,,
2026-02-22T23:43:39+00:00,,,,,
2026-02-23T00:00:08+00:00,,,,,
2026-02-23T02:55:33+00:00,,,,,
2026-02-23T04:57:04+00:00,,,,,
2026-02-23T06:06:34+00:00,,,,,
2026-02-23T07:19:50+00:00,,,,,
2026-02-23T08:04:06+00:00,,,,,
2026-02-23T09:02:53+00:00,,,,,
2026-02-23T10:07:46+00:00,,,,,
2026-02-23T11:05:14+00:00,,,,,
2026-02-23T11:50:49+00:00,,,,,
2026-02-23T12:31:38+00:00,,,,,
2026-02-23T13:51:13+00:00,,,,,
2026-02-23T14:38:50+00:00,,,,,
2026-02-23T15:30:17+00:00,,,,,
2026-02-23T16:31:32+00:00,,,,,
2026-02-23T17:41:33+00:00,,,,,
2026-02-23T18:40:25+00:00,,,,,
2026-02-23T19:44:07+00:00,,,,,
2026-02-23T20:26:55+00:00,,,,,
2026-02-23T21:10:46+00:00,,,,,
2026-02-23T22:02:20+00:00,,,,,
2026-02-23T22:54:57+00:00,,,,,
2026-02-23T23:32:34+00:00,,,,,
2026-02-23T23:56:37+00:00,,,,,
2026-02-24T02:22:04+00:00,,,,,
2026-02-24T04:29:03+00:00,,,,,
2026-02-24T05:44:54+00:00,,,,,
2026-02-24T06:40:43+00:00,,,,,
2026-02-24T07:38:28+00:00,,,,,
2026-02-24T08:27:09+00:00,,,,,
2026-02-24T09:28:50+00:00,,,,,
2026-02-24T10:27:07+00:00,,,,,
2026-02-24T11:12:55+00:00,,,,,
2026-02-24T11:56:35+00:00,,,,,
2026-02-24T13:10:40+00:00,,,,,
2026-02-24T14:16:50+00:00,,,,,
2026-02-24T15:12:35+00:00,,,,,
2026-02-24T16:14:32+00:00,,,,,
2026-02-24T17:29:59+00:00,,,,,
2026-02-24T18:32:40+00:00,,,,,
2026-02-24T19:33:42+00:00,,,,,
2026-02-24T20:00:13+00:00,,,,,
2026-02-24T20:49:02+00:00,,,,,
2026-02-24T21:21:38+00:00,,,,,
2026-02-24T21:55:19+00:00,,,,,
2026-02-24T22:31:46+00:00,,,,,
2026-02-24T23:02:54+00:00,,,,,
2026-02-24T23:43:34+00:00,,,,,
2026-02-25T00:02:57+00:00,,,,,
2026-02-25T03:11:31+00:00,,,,,
2026-02-25T05:03:37+00:00,,,,,
2026-02-25T06:12:34+00:00,,,,,
2026-02-25T07:17:06+00:00,,,,,
2026-02-25T08:04:02+00:00,,,,,
2026-02-25T09:03:25+00:00,,,,,
2026-02-25T10:06:23+00:00,,,,,
2026-02-25T11:06:41+00:00,,,,,
2026-02-25T11:51:11+00:00,,,,,
2026-02-25T12:32:33+00:00,,,,,
2026-02-25T13:52:57+00:00,,,,,
2026-02-25T14:43:14+00:00,,,,,
2026-02-25T15:44:26+00:00,,,,,
2026-02-25T16:50:32+00:00,,,,,
2026-02-25T17:47:06+00:00,,,,,
2026-02-25T18:43:51+00:00,,,,,
2026-02-25T19:40:52+00:00,,,,,
2026-02-25T20:04:51+00:00,,,,,
2026-02-25T20:52:08+00:00,,,,,
2026-02-25T21:25:54+00:00,,,,,
2026-02-25T21:56:54+00:00,,,,,
2026-02-25T22:36:29+00:00,,,,,
2026-02-25T23:04:19+00:00,,,,,
2026-02-25T23:40:26+00:00,,,,,
2026-02-26T00:00:13+00:00,,,,,
2026-02-26T02:48:53+00:00,,,,,
2026-02-26T04:31:01+00:00,,,,,
2026-02-26T05:43:13+00:00,,,,,
2026-02-26T06:40:02+00:00,,,,,
2026-02-26T07:38:50+00:00,,,,,
2026-02-26T08:26:32+00:00,,,,,
2026-02-26T09:12:13+00:00,,,,,
2026-02-26T10:07:29+00:00,,,,,
2026-02-26T11:04:37+00:00,,,,,
2026-02-26T11:51:21+00:00,,,,,
2026-02-26T12:33:29+00:00,,,,,
2026-02-26T13:53:26+00:00,,,,,
2026-02-26T14:42:46+00:00,,,,,
2026-02-26T15:37:57+00:00,,,,,
2026-02-26T16:37:23+00:00,,,,,
2026-02-26T17:43:07+00:00,,,,,
2026-02-26T18:30:20+00:00,,,,,
2026-02-26T19:27:24+00:00,,,,,
2026-02-26T20:01:36+00:00,,,,,
2026-02-26T20:51:10+00:00,,,,,
2026-02-26T21:22:19+00:00,,,,,
2026-02-26T21:50:50+00:00,,,,,
2026-02-26T22:19:29+00:00,,,,,
2026-02-26T22:56:48+00:00,,,,,
2026-02-26T23:32:54+00:00,,,,,
2026-02-26T23:56:43+00:00,,,,,
2026-02-27T02:12:28+00:00,,,,,
2026-02-27T04:22:32+00:00,,,,,
2026-02-27T05:32:50+00:00,,,,,
2026-02-27T06:29:22+00:00,,,,,
2026-02-27T07:29:38+00:00,,,,,
2026-02-27T08:03:54+00:00,,,,,
2026-02-27T08:56:32+00:00,,,,,
2026-02-27T09:42:50+00:00,,,,,
2026-02-27T10:22:27+00:00,,,,,
2026-02-27T11:02:52+00:00,,,,,
2026-02-27T11:41:06+00:00,,,,,
2026-02-27T12:00:58+00:00,,,,,
2026-02-27T13:19:00+00:00,,,,,
2026-02-27T14:07:04+00:00,,,,,
2026-02-27T14:56:28+00:00,,,,,
2026-02-27T15:38:23+00:00,,,,,
2026-02-27T16:05:18+00:00,,,,,
2026-02-27T16:54:14+00:00,,,,,
2026-02-27T17:31:03+00:00,,,,,
2026-02-27T18:04:01+00:00,,,,,
2026-02-27T19:00:21+00:00,,,,,
2026-02-27T19:39:54+00:00,,,,,
2026-02-27T19:59:56+00:00,,,,,
2026-02-27T20:38:24+00:00,,,,,
2026-02-27T21:00:05+00:00,,,,,
2026-02-27T21:37:43+00:00,,,,,
2026-02-27T21:57:21+00:00,,,,,
2026-02-27T22:27:39+00:00,,,,,
2026-02-27T22:52:17+00:00,,,,,
2026-02-27T23:15:25+00:00,,,,,
2026-02-27T23:41:20+00:00,,,,,
2026-02-27T23:56:50+00:00,,,,,
2026-02-28T02:04:14+00:00,,,,,
2026-02-28T04:01:20+00:00,,,,,
2026-02-28T05:00:08+00:00,,,,,
2026-02-28T05:40:06+00:00,,,,,
2026-02-28T06:00:17+00:00,,,,,
2026-02-28T06:53:15+00:00,,,,,
2026-02-28T07:20:46+00:00,,,,,
2026-02-28T07:43:39+00:00,,,,,
2026-02-28T07:57:20+00:00,,,,,
2026-02-28T08:34:19+00:00,,,,,
2026-02-28T08:56:08+00:00,,,,,
2026-02-28T09:26:47+00:00,,,,,
2026-02-28T09:47:54+00:00,,,,,
2026-02-28T09:58:39+00:00,,,,,
2026-02-28T10:31:34+00:00,,,,,
2026-02-28T10:51:33+00:00,,,,,
2026-02-28T11:08:58+00:00,,,,,
2026-02-28T11:30:47+00:00,,,,,
2026-02-28T11:46:13+00:00,,,,,
2026-02-28T11:55:59+00:00,,,,,
2026-02-28T12:45:01+00:00,,,,,
2026-02-28T13:27:16+00:00,,,,,
2026-02-28T13:53:58+00:00,,,,,
2026-02-28T14:16:54+00:00,,,,,
2026-02-28T14:42:28+00:00,,,,,
2026-02-28T14:56:14+00:00,,,,,
2026-02-28T15:23:19+00:00,,,,,
2026-02-28T15:41:57+00:00,,,,,
2026-02-28T15:54:28+00:00,,,,,
2026-02-28T16:21:31+00:00,,,,,
2026-02-28T16:45:56+00:00,,,,,
2026-02-28T16:59:57+00:00,,,,,
2026-02-28T17:28:57+00:00,,,,,
2026-02-28T17:46:46+00:00,,,,,
2026-02-28T17:57:31+00:00,,,,,
2026-02-28T18:39:08+00:00,,,,,
2026-02-28T19:00:34+00:00,,,,,
2026-02-28T19:28:30+00:00,,,,,
2026-02-28T19:44:04+00:00,,,,,
2026-02-28T19:54:39+00:00,,,,,
2026-02-28T20:21:40+00:00,,,,,
2026-02-28T20:44:20+00:00,,,,,
2026-02-28T20:58:25+00:00,,,,,
2026-02-28T21:28:16+00:00,,,,,
2026-02-28T21:45:42+00:00,,,,,
2026-02-28T21:56:47+00:00,,,,,
2026-02-28T22:25:02+00:00,,,,,
2026-02-28T22:46:44+00:00,,,,,
2026-02-28T22:59:06+00:00,,,,,
2026-02-28T23:30:53+00:00,,,,,
2026-02-28T23:47:32+00:00,,,,,
2026-02-28T23:58:28+00:00,,,,,
2026-03-01T02:55:25+00:00,,,,,
2026-03-01T04:52:15+00:00,,,,,
2026-03-01T05:44:09+00:00,,,,,
2026-03-01T06:29:15+00:00,,,,,
2026-03-01T07:10:36+00:00,,,,,
2026-03-01T07:47:11+00:00,,,,,
2026-03-01T07:59:57+00:00,,,,,
2026-03-01T08:42:26+00:00,,,,,
2026-03-01T09:01:48+00:00,,,,,
2026-03-01T09:39:49+00:00,,,,,
2026-03-01T09:57:07+00:00,,,,,
2026-03-01T10:29:00+00:00,,,,,
2026-03-01T10:52:31+00:00,,,,,
2026-03-01T11:12:37+00:00,,,,,
2026-03-01T11:33:56+00:00,,,,,
2026-03-01T11:49:02+00:00,,,,,
2026-03-01T11:58:22+00:00,,,,,
2026-03-01T13:02:47+00:00,,,,,
2026-03-01T13:46:35+00:00,,,,,
2026-03-01T14:01:25+00:00,,,,,
2026-03-01T14:34:52+00:00,,,,,
2026-03-01T14:54:02+00:00,,,,,
2026-03-01T15:17:56+00:00,,,,,
2026-03-01T15:41:48+00:00,,,,,
2026-03-01T15:55:41+00:00,,,,,
2026-03-01T16:27:03+00:00,,,,,
2026-03-01T16:51:44+00:00,,,,,
2026-03-01T17:13:32+00:00,,,,,
2026-03-01T17:40:17+00:00,,,,,
2026-03-01T17:55:36+00:00,,,,,
2026-03-01T18:32:25+00:00,,,,,
2026-03-01T18:59:24+00:00,,,,,
2026-03-01T19:30:27+00:00,,,,,
2026-03-01T19:46:11+00:00,,,,,
2026-03-01T19:57:17+00:00,,,,,
2026-03-01T20:31:41+00:00,,,,,
2026-03-01T20:53:36+00:00,,,,,
2026-03-01T21:16:39+00:00,,,,,
2026-03-01T21:40:15+00:00,,,,,
2026-03-01T21:54:05+00:00,,,,,
2026-03-01T22:18:59+00:00,,,,,
2026-03-01T22:45:10+00:00,,,,,
2026-03-01T22:59:58+00:00,,,,,
2026-03-01T23:32:53+00:00,,,,,
