timestamp_utc,QSI,QBTS,RGTI,IONQ,QTUM
2026-04-22T17:17:24+00:00,,,,,
2026-04-22T18:15:49+00:00,,,,,
2026-04-22T19:41:22+00:00,,,,,
2026-04-22T20:35:47+00:00,,,,,
2026-04-22T21:32:20+00:00,,,,,
2026-04-22T22:25:31+00:00,,,,,
2026-04-22T23:24:33+00:00,,,,,
2026-04-23T00:08:09+00:00,,,,,
2026-04-23T03:44:47+00:00,,,,,
2026-04-23T05:55:29+00:00,,,,,
2026-04-23T07:49:28+00:00,,,,,
2026-04-23T09:15:13+00:00,,,,,
2026-04-23T10:49:54+00:00,,,,,
2026-04-23T11:49:17+00:00,,,,,
2026-04-23T12:50:38+00:00,,,,,
2026-04-23T15:03:36+00:00,,,,,
2026-04-23T16:50:56+00:00,,,,,
2026-04-23T18:00:36+00:00,,,,,
2026-04-23T19:26:19+00:00,,,,,
2026-04-23T20:31:24+00:00,,,,,
2026-04-23T21:25:47+00:00,,,,,
2026-04-23T22:07:41+00:00,,,,,
2026-04-23T23:04:45+00:00,,,,,
2026-04-23T23:58:34+00:00,,,,,
2026-04-24T03:34:06+00:00,,,,,
2026-04-24T05:56:28+00:00,,,,,
2026-04-24T08:05:56+00:00,,,,,
2026-04-24T09:53:38+00:00,,,,,
2026-04-24T11:00:42+00:00,,,,,
2026-04-24T12:01:57+00:00,,,,,
2026-04-24T14:01:29+00:00,,,,,
2026-04-24T15:18:05+00:00,,,,,
2026-04-24T16:14:07+00:00,,,,,
2026-04-24T17:14:42+00:00,,,,,
2026-04-24T18:01:34+00:00,,,,,
2026-04-24T19:07:30+00:00,,,,,
2026-04-24T19:58:53+00:00,,,,,
2026-04-24T20:58:36+00:00,,,,,
2026-04-24T21:53:37+00:00,,,,,
2026-04-24T22:34:03+00:00,,,,,
2026-04-24T23:22:45+00:00,,,,,
2026-04-25T00:00:42+00:00,,,,,
2026-04-25T03:26:23+00:00,,,,,
2026-04-25T05:26:32+00:00,,,,,
2026-04-25T06:50:10+00:00,,,,,
2026-04-25T07:56:45+00:00,,,,,
2026-04-25T08:55:47+00:00,,,,,
2026-04-25T09:52:27+00:00,,,,,
2026-04-25T10:34:53+00:00,,,,,
2026-04-25T11:24:27+00:00,,,,,
2026-04-25T11:59:46+00:00,,,,,
2026-04-25T13:24:03+00:00,,,,,
2026-04-25T14:11:28+00:00,,,,,
2026-04-25T15:00:47+00:00,,,,,
2026-04-25T15:51:00+00:00,,,,,
2026-04-25T16:26:02+00:00,,,,,
2026-04-25T17:09:06+00:00,,,,,
2026-04-25T17:56:12+00:00,,,,,
2026-04-25T18:54:20+00:00,,,,,
2026-04-25T19:41:09+00:00,,,,,
2026-04-25T20:21:29+00:00,,,,,
2026-04-25T21:00:19+00:00,,,,,
2026-04-25T21:47:53+00:00,,,,,
2026-04-25T22:20:48+00:00,,,,,
2026-04-25T23:00:38+00:00,,,,,
2026-04-25T23:49:38+00:00,,,,,
2026-04-26T01:15:45+00:00,,,,,
2026-04-26T04:33:04+00:00,,,,,
2026-04-26T06:26:36+00:00,,,,,
2026-04-26T08:02:10+00:00,,,,,
2026-04-26T09:11:27+00:00,,,,,
2026-04-26T10:06:23+00:00,,,,,
2026-04-26T11:00:30+00:00,,,,,
2026-04-26T11:48:36+00:00,,,,,
2026-04-26T12:33:13+00:00,,,,,
2026-04-26T13:49:46+00:00,,,,,
2026-04-26T14:34:02+00:00,,,,,
2026-04-26T15:24:56+00:00,,,,,
2026-04-26T16:04:57+00:00,,,,,
2026-04-26T16:59:20+00:00,,,,,
2026-04-26T17:50:01+00:00,,,,,
2026-04-26T18:31:11+00:00,,,,,
2026-04-26T19:30:45+00:00,,,,,
2026-04-26T20:05:09+00:00,,,,,
2026-04-26T20:55:00+00:00,,,,,
2026-04-26T21:35:25+00:00,,,,,
2026-04-26T22:06:45+00:00,,,,,
2026-04-26T22:56:48+00:00,,,,,
2026-04-26T23:41:14+00:00,,,,,
2026-04-27T01:14:59+00:00,,,,,
2026-04-27T04:42:19+00:00,,,,,
2026-04-27T07:24:23+00:00,,,,,
2026-04-27T09:36:19+00:00,,,,,
2026-04-27T11:25:05+00:00,,,,,
2026-04-27T13:01:20+00:00,,,,,
2026-04-27T15:13:23+00:00,,,,,
2026-04-27T16:56:43+00:00,,,,,
2026-04-27T18:04:18+00:00,,,,,
2026-04-27T19:45:20+00:00,,,,,
2026-04-27T20:44:03+00:00,,,,,
2026-04-27T21:40:04+00:00,,,,,
2026-04-27T22:33:29+00:00,,,,,
2026-04-27T23:31:31+00:00,,,,,
2026-04-28T01:16:34+00:00,,,,,
2026-04-28T04:45:33+00:00,,,,,
2026-04-28T07:18:42+00:00,,,,,
2026-04-28T09:36:58+00:00,,,,,
2026-04-28T11:24:44+00:00,,,,,
2026-04-28T13:10:08+00:00,,,,,
2026-04-28T15:37:14+00:00,,,,,
2026-04-28T17:17:01+00:00,,,,,
2026-04-28T18:56:08+00:00,,,,,
2026-04-28T20:16:07+00:00,,,,,
2026-04-28T21:32:13+00:00,,,,,
2026-04-28T22:33:18+00:00,,,,,
2026-04-28T23:31:16+00:00,,,,,
2026-04-29T01:18:05+00:00,,,,,
2026-04-29T04:42:03+00:00,,,,,
2026-04-29T07:10:30+00:00,,,,,
2026-04-29T09:23:42+00:00,,,,,
2026-04-29T11:13:10+00:00,,,,,
2026-04-29T12:54:44+00:00,,,,,
2026-04-29T15:08:38+00:00,,,,,
2026-04-29T16:52:22+00:00,,,,,
2026-04-29T18:07:04+00:00,,,,,
2026-04-29T19:50:43+00:00,,,,,
2026-04-29T20:45:45+00:00,,,,,
2026-04-29T21:45:37+00:00,,,,,
2026-04-29T22:40:34+00:00,,,,,
2026-04-29T23:36:32+00:00,,,,,
2026-04-30T01:21:10+00:00,,,,,
2026-04-30T04:46:47+00:00,,,,,
2026-04-30T07:17:21+00:00,,,,,
2026-04-30T09:30:28+00:00,,,,,
2026-04-30T11:15:44+00:00,,,,,
2026-04-30T12:57:07+00:00,,,,,
2026-04-30T15:11:43+00:00,,,,,
2026-04-30T16:47:45+00:00,,,,,
2026-04-30T17:59:57+00:00,,,,,
2026-04-30T19:44:57+00:00,,,,,
2026-04-30T20:44:16+00:00,,,,,
2026-04-30T21:41:25+00:00,,,,,
2026-04-30T22:35:42+00:00,,,,,
2026-04-30T23:32:45+00:00,,,,,
2026-05-01T01:23:42+00:00,,,,,
2026-05-01T05:02:57+00:00,,,,,
2026-05-01T07:32:53+00:00,,,,,
2026-05-01T09:18:00+00:00,,,,,
2026-05-01T10:47:34+00:00,,,,,
2026-05-01T11:46:11+00:00,,,,,
2026-05-01T12:43:30+00:00,,,,,
2026-05-01T14:07:22+00:00,,,,,
2026-05-01T15:13:47+00:00,,,,,
2026-05-01T16:11:36+00:00,,,,,
2026-05-01T17:13:31+00:00,,,,,
2026-05-01T18:12:18+00:00,,,,,
2026-05-01T19:39:12+00:00,,,,,
2026-05-01T20:32:22+00:00,,,,,
2026-05-01T21:29:33+00:00,,,,,
2026-05-01T22:26:57+00:00,,,,,
2026-05-01T23:27:29+00:00,,,,,
2026-05-02T01:11:51+00:00,,,,,
2026-05-02T04:27:28+00:00,,,,,
2026-05-02T06:25:31+00:00,,,,,
2026-05-02T08:06:54+00:00,,,,,
2026-05-02T09:18:54+00:00,,,,,
2026-05-02T10:13:42+00:00,,,,,
2026-05-02T11:07:42+00:00,,,,,
2026-05-02T11:56:23+00:00,,,,,
2026-05-02T13:14:21+00:00,,,,,
2026-05-02T14:15:12+00:00,,,,,
2026-05-02T15:07:12+00:00,,,,,
2026-05-02T15:58:48+00:00,,,,,
2026-05-02T16:59:19+00:00,,,,,
2026-05-02T17:52:53+00:00,,,,,
2026-05-02T18:44:22+00:00,,,,,
2026-05-02T19:43:33+00:00,,,,,
2026-05-02T20:25:40+00:00,,,,,
2026-05-02T21:07:34+00:00,,,,,
2026-05-02T21:56:40+00:00,,,,,
2026-05-02T22:42:58+00:00,,,,,
2026-05-02T23:28:01+00:00,,,,,
2026-05-03T00:09:28+00:00,,,,,
2026-05-03T04:10:02+00:00,,,,,
2026-05-03T06:40:04+00:00,,,,,
2026-05-03T08:25:02+00:00,,,,,
2026-05-03T09:46:14+00:00,,,,,
2026-05-03T10:39:56+00:00,,,,,
2026-05-03T11:26:58+00:00,,,,,
2026-05-03T12:06:10+00:00,,,,,
2026-05-03T13:45:31+00:00,,,,,
2026-05-03T14:36:10+00:00,,,,,
2026-05-03T15:26:55+00:00,,,,,
2026-05-03T16:09:24+00:00,,,,,
2026-05-03T17:07:03+00:00,,,,,
2026-05-03T18:00:06+00:00,,,,,
2026-05-03T19:12:24+00:00,,,,,
2026-05-03T20:00:11+00:00,,,,,
2026-05-03T20:56:24+00:00,,,,,
2026-05-03T21:42:24+00:00,,,,,
2026-05-03T22:24:11+00:00,,,,,
2026-05-03T23:09:34+00:00,,,,,
2026-05-04T00:02:16+00:00,,,,,
2026-05-04T04:02:29+00:00,,,,,
2026-05-04T06:48:58+00:00,,,,,
2026-05-04T09:08:25+00:00,,,,,
2026-05-04T11:16:20+00:00,,,,,
2026-05-04T12:58:37+00:00,,,,,
2026-05-04T15:12:06+00:00,,,,,
2026-05-04T17:01:13+00:00,,,,,
2026-05-04T18:24:25+00:00,,,,,
2026-05-04T20:01:04+00:00,,,,,
2026-05-04T21:16:11+00:00,,,,,
2026-05-04T22:16:05+00:00,,,,,
2026-05-04T23:12:38+00:00,,,,,
2026-05-05T00:09:03+00:00,,,,,
2026-05-05T03:48:59+00:00,,,,,
2026-05-05T06:07:27+00:00,,,,,
2026-05-05T08:26:18+00:00,,,,,
2026-05-05T10:17:13+00:00,,,,,
2026-05-05T11:42:07+00:00,,,,,
2026-05-05T12:56:30+00:00,,,,,
2026-05-05T15:09:01+00:00,,,,,
2026-05-05T16:53:33+00:00,,,,,
2026-05-05T18:06:01+00:00,,,,,
2026-05-05T19:50:09+00:00,,,,,
2026-05-05T20:47:39+00:00,,,,,
2026-05-05T21:45:56+00:00,,,,,
2026-05-05T22:39:44+00:00,,,,,
2026-05-05T23:32:21+00:00,,,,,
2026-05-06T01:14:11+00:00,,,,,
2026-05-06T04:45:08+00:00,,,,,
2026-05-06T07:26:24+00:00,,,,,
2026-05-06T09:42:16+00:00,,,,,
2026-05-06T11:30:07+00:00,,,,,
2026-05-06T13:17:05+00:00,,,,,
2026-05-06T15:37:58+00:00,,,,,
2026-05-06T17:11:18+00:00,,,,,
2026-05-06T18:58:53+00:00,,,,,
2026-05-06T20:40:16+00:00,,,,,
2026-05-06T21:44:20+00:00,,,,,
2026-05-06T22:34:07+00:00,,,,,
2026-05-06T23:31:09+00:00,,,,,
2026-05-07T01:18:29+00:00,,,,,
2026-05-07T04:46:26+00:00,,,,,
2026-05-07T07:33:18+00:00,,,,,
2026-05-07T10:03:13+00:00,,,,,
2026-05-07T12:00:18+00:00,,,,,
2026-05-07T14:40:53+00:00,,,,,
2026-05-07T16:26:36+00:00,,,,,
2026-05-07T18:06:59+00:00,,,,,
2026-05-07T19:51:55+00:00,,,,,
2026-05-07T20:55:52+00:00,,,,,
2026-05-07T21:57:30+00:00,,,,,
2026-05-07T23:02:10+00:00,,,,,
2026-05-08T00:02:13+00:00,,,,,
2026-05-08T03:48:18+00:00,,,,,
2026-05-08T05:48:55+00:00,,,,,
2026-05-08T07:10:25+00:00,,,,,
2026-05-08T08:48:36+00:00,,,,,
2026-05-08T10:10:33+00:00,,,,,
2026-05-08T11:44:40+00:00,,,,,
2026-05-08T13:00:09+00:00,,,,,
2026-05-08T14:59:07+00:00,,,,,
2026-05-08T16:21:37+00:00,,,,,
2026-05-08T17:49:06+00:00,,,,,
2026-05-08T18:58:54+00:00,,,,,
2026-05-08T20:10:28+00:00,,,,,
2026-05-08T21:15:20+00:00,,,,,
2026-05-08T22:13:14+00:00,,,,,
2026-05-08T23:11:30+00:00,,,,,
2026-05-09T00:10:00+00:00,,,,,
2026-05-09T03:54:44+00:00,,,,,
2026-05-09T06:12:17+00:00,,,,,
2026-05-09T08:11:57+00:00,,,,,
2026-05-09T09:43:33+00:00,,,,,
2026-05-09T10:38:34+00:00,,,,,
2026-05-09T11:32:01+00:00,,,,,
2026-05-09T12:36:05+00:00,,,,,
2026-05-09T14:02:41+00:00,,,,,
2026-05-09T15:05:32+00:00,,,,,
2026-05-09T16:04:34+00:00,,,,,
2026-05-09T17:08:00+00:00,,,,,
2026-05-09T18:03:08+00:00,,,,,
2026-05-09T19:17:39+00:00,,,,,
2026-05-09T20:04:17+00:00,,,,,
2026-05-09T20:58:37+00:00,,,,,
2026-05-09T21:53:43+00:00,,,,,
2026-05-09T22:36:12+00:00,,,,,
2026-05-09T23:28:21+00:00,,,,,
2026-05-10T01:21:08+00:00,,,,,
2026-05-10T04:55:45+00:00,,,,,
2026-05-10T07:24:38+00:00,,,,,
2026-05-10T09:11:53+00:00,,,,,
2026-05-10T10:37:58+00:00,,,,,
2026-05-10T11:30:55+00:00,,,,,
2026-05-10T12:10:35+00:00,,,,,
2026-05-10T13:55:45+00:00,,,,,
2026-05-10T14:52:12+00:00,,,,,
2026-05-10T15:41:40+00:00,,,,,
2026-05-10T16:36:24+00:00,,,,,
2026-05-10T17:34:34+00:00,,,,,
2026-05-10T18:36:34+00:00,,,,,
2026-05-10T19:43:44+00:00,,,,,
2026-05-10T20:31:16+00:00,,,,,
2026-05-10T21:27:44+00:00,,,,,
2026-05-10T22:11:13+00:00,,,,,
2026-05-10T23:09:00+00:00,,,,,
2026-05-11T00:07:36+00:00,,,,,
2026-05-11T04:22:29+00:00,,,,,
2026-05-11T07:58:50+00:00,,,,,
2026-05-11T11:31:51+00:00,,,,,
2026-05-11T14:05:17+00:00,,,,,
2026-05-11T16:40:24+00:00,,,,,
2026-05-11T18:24:22+00:00,,,,,
2026-05-11T20:14:11+00:00,,,,,
2026-05-11T21:42:40+00:00,,,,,
2026-05-11T22:40:26+00:00,,,,,
2026-05-11T23:40:14+00:00,,,,,
2026-05-12T01:23:40+00:00,,,,,
2026-05-12T04:56:52+00:00,,,,,
2026-05-12T07:43:09+00:00,,,,,
2026-05-12T10:15:29+00:00,,,,,
2026-05-12T12:20:31+00:00,,,,,
2026-05-12T15:14:51+00:00,,,,,
2026-05-12T17:25:16+00:00,,,,,
2026-05-12T19:16:09+00:00,,,,,
2026-05-12T20:52:28+00:00,,,,,
2026-05-12T22:02:46+00:00,,,,,
2026-05-12T23:12:49+00:00,,,,,
2026-05-13T00:13:58+00:00,,,,,
2026-05-13T04:14:30+00:00,,,,,
2026-05-13T07:29:07+00:00,,,,,
2026-05-13T10:05:14+00:00,,,,,
2026-05-13T12:21:17+00:00,,,,,
2026-05-13T15:19:28+00:00,,,,,
2026-05-13T17:27:39+00:00,,,,,
2026-05-13T19:17:57+00:00,,,,,
2026-05-13T20:58:39+00:00,,,,,
2026-05-13T22:19:12+00:00,,,,,
2026-05-13T23:33:07+00:00,,,,,
2026-05-14T01:29:18+00:00,,,,,
2026-05-14T05:27:37+00:00,,,,,
2026-05-14T08:09:13+00:00,,,,,
2026-05-14T10:31:43+00:00,,,,,
2026-05-14T12:12:36+00:00,,,,,
2026-05-14T14:42:17+00:00,,,,,
2026-05-14T16:33:13+00:00,,,,,
2026-05-14T18:19:38+00:00,,,,,
2026-05-14T20:09:27+00:00,,,,,
2026-05-14T21:35:11+00:00,,,,,
2026-05-14T22:38:27+00:00,,,,,
2026-05-14T23:34:51+00:00,,,,,
2026-05-15T01:27:12+00:00,,,,,
2026-05-15T05:30:32+00:00,,,,,
2026-05-15T08:22:27+00:00,,,,,
2026-05-15T10:42:21+00:00,,,,,
2026-05-15T12:24:55+00:00,,,,,
2026-05-15T14:58:49+00:00,,,,,
2026-05-15T16:55:15+00:00,,,,,
2026-05-15T18:21:39+00:00,,,,,
2026-05-15T19:57:20+00:00,,,,,
2026-05-15T21:06:27+00:00,,,,,
2026-05-15T22:09:40+00:00,,,,,
2026-05-15T23:10:35+00:00,,,,,
2026-05-16T00:05:52+00:00,,,,,
2026-05-16T03:57:17+00:00,,,,,
2026-05-16T06:24:51+00:00,,,,,
2026-05-16T08:22:31+00:00,,,,,
2026-05-16T09:54:10+00:00,,,,,
2026-05-16T10:58:19+00:00,,,,,
2026-05-16T11:55:53+00:00,,,,,
2026-05-16T13:21:29+00:00,,,,,
2026-05-16T14:37:12+00:00,,,,,
2026-05-16T15:39:29+00:00,,,,,
2026-05-16T16:36:14+00:00,,,,,
2026-05-16T17:37:18+00:00,,,,,
2026-05-16T18:38:13+00:00,,,,,
2026-05-16T19:45:44+00:00,,,,,
2026-05-16T20:32:15+00:00,,,,,
2026-05-16T21:28:20+00:00,,,,,
2026-05-16T22:23:32+00:00,,,,,
2026-05-16T23:12:37+00:00,,,,,
2026-05-17T00:08:58+00:00,,,,,
2026-05-17T04:20:31+00:00,,,,,
2026-05-17T07:18:40+00:00,,,,,
2026-05-17T09:15:28+00:00,,,,,
2026-05-17T10:41:27+00:00,,,,,
2026-05-17T11:44:28+00:00,,,,,
2026-05-17T12:41:15+00:00,,,,,
2026-05-17T14:11:03+00:00,,,,,
2026-05-17T15:16:59+00:00,,,,,
2026-05-17T16:15:25+00:00,,,,,
2026-05-17T17:18:04+00:00,,,,,
2026-05-17T18:13:35+00:00,,,,,
2026-05-17T19:38:06+00:00,,,,,
2026-05-17T20:28:43+00:00,,,,,
2026-05-17T21:28:54+00:00,,,,,
2026-05-17T22:28:01+00:00,,,,,
2026-05-17T23:31:02+00:00,,,,,
2026-05-18T01:30:15+00:00,,,,,
2026-05-18T05:50:21+00:00,,,,,
2026-05-18T09:30:35+00:00,,,,,
2026-05-18T12:51:40+00:00,,,,,
2026-05-18T16:15:43+00:00,,,,,
2026-05-18T18:13:13+00:00,,,,,
2026-05-18T20:02:28+00:00,,,,,
2026-05-18T21:21:28+00:00,,,,,
2026-05-18T22:29:54+00:00,,,,,
2026-05-18T23:39:09+00:00,,,,,
2026-05-19T01:33:24+00:00,,,,,
2026-05-19T05:47:26+00:00,,,,,
2026-05-19T08:49:41+00:00,,,,,
2026-05-19T11:49:35+00:00,,,,,
2026-05-19T14:21:01+00:00,,,,,
2026-05-19T17:22:37+00:00,,,,,
2026-05-19T19:23:29+00:00,,,,,
2026-05-19T20:57:29+00:00,,,,,
2026-05-19T22:18:40+00:00,,,,,
2026-05-19T23:35:02+00:00,,,,,
2026-05-20T01:33:43+00:00,,,,,
2026-05-20T05:48:17+00:00,,,,,
2026-05-20T08:45:53+00:00,,,,,
2026-05-20T11:36:53+00:00,,,,,
2026-05-20T14:14:00+00:00,,,,,
2026-05-20T17:36:37+00:00,,,,,
2026-05-20T19:51:21+00:00,,,,,
2026-05-20T21:27:18+00:00,,,,,
2026-05-20T22:53:33+00:00,,,,,
2026-05-21T00:01:31+00:00,,,,,
2026-05-21T04:38:34+00:00,,,,,
2026-05-21T08:19:25+00:00,,,,,
2026-05-21T11:40:15+00:00,,,,,
2026-05-21T14:23:30+00:00,,,,,
2026-05-21T17:09:38+00:00,,,,,
2026-05-21T19:16:40+00:00,,,,,
2026-05-21T20:59:03+00:00,,,,,
2026-05-21T22:24:26+00:00,,,,,
2026-05-21T23:33:29+00:00,,,,,
2026-05-22T01:32:38+00:00,,,,,
2026-05-22T05:46:57+00:00,,,,,
2026-05-22T08:41:26+00:00,,,,,
2026-05-22T11:31:32+00:00,,,,,
2026-05-22T13:56:58+00:00,,,,,
2026-05-22T16:27:19+00:00,,,,,
2026-05-22T18:16:04+00:00,,,,,
2026-05-22T20:13:23+00:00,,,,,
2026-05-22T21:36:45+00:00,,,,,
2026-05-22T22:38:26+00:00,,,,,
2026-05-22T23:44:48+00:00,,,,,
2026-05-23T01:28:40+00:00,,,,,
2026-05-23T05:08:13+00:00,,,,,
2026-05-23T07:41:07+00:00,,,,,
2026-05-23T09:25:47+00:00,,,,,
2026-05-23T10:51:57+00:00,,,,,
2026-05-23T11:53:19+00:00,,,,,
2026-05-23T13:06:34+00:00,,,,,
2026-05-23T14:42:44+00:00,,,,,
2026-05-23T15:47:52+00:00,,,,,
2026-05-23T16:43:18+00:00,,,,,
2026-05-23T17:45:02+00:00,,,,,
2026-05-23T18:44:48+00:00,,,,,
2026-05-23T19:53:47+00:00,,,,,
2026-05-23T20:41:27+00:00,,,,,
2026-05-23T21:37:53+00:00,,,,,
2026-05-23T22:35:17+00:00,,,,,
2026-05-23T23:37:46+00:00,,,,,
2026-05-24T01:34:30+00:00,,,,,
2026-05-24T05:44:25+00:00,,,,,
2026-05-24T08:08:17+00:00,,,,,
2026-05-24T10:06:55+00:00,,,,,
2026-05-24T11:40:08+00:00,,,,,
2026-05-24T12:46:12+00:00,,,,,
2026-05-24T14:14:08+00:00,,,,,
2026-05-24T15:35:52+00:00,,,,,
2026-05-24T16:39:09+00:00,,,,,
2026-05-24T17:40:05+00:00,,,,,
2026-05-24T18:47:46+00:00,,,,,
2026-05-24T19:55:46+00:00,,,,,
2026-05-24T20:54:45+00:00,,,,,
2026-05-24T21:52:58+00:00,,,,,
2026-05-24T22:49:39+00:00,,,,,
2026-05-24T23:45:35+00:00,,,,,
2026-05-25T01:54:40+00:00,,,,,
2026-05-25T06:23:59+00:00,,,,,
2026-05-25T10:54:32+00:00,,,,,
2026-05-25T13:57:28+00:00,,,,,
2026-05-25T16:24:18+00:00,,,,,
2026-05-25T18:07:57+00:00,,,,,
2026-05-25T19:56:59+00:00,,,,,
2026-05-25T21:11:50+00:00,,,,,
2026-05-25T22:17:54+00:00,,,,,
2026-05-25T23:34:36+00:00,,,,,
2026-05-26T01:28:05+00:00,,,,,
2026-05-26T05:43:45+00:00,,,,,
2026-05-26T08:56:32+00:00,,,,,
2026-05-26T16:09:52+00:00,,,,,
2026-05-26T18:36:30+00:00,,,,,
2026-05-26T20:33:58+00:00,,,,,
2026-05-26T22:08:31+00:00,,,,,
2026-05-26T23:32:08+00:00,,,,,
2026-05-27T01:35:35+00:00,,,,,
2026-05-27T05:59:41+00:00,,,,,
2026-05-27T10:12:20+00:00,,,,,
2026-05-27T13:49:10+00:00,,,,,
2026-05-27T16:55:00+00:00,,,,,
2026-05-27T19:21:40+00:00,,,,,
2026-05-27T21:17:05+00:00,,,,,
2026-05-27T22:52:32+00:00,,,,,
2026-05-27T23:53:55+00:00,,,,,
2026-05-28T02:37:23+00:00,,,,,
2026-05-28T06:38:24+00:00,,,,,
2026-05-28T10:40:58+00:00,,,,,
2026-05-28T14:23:46+00:00,,,,,
2026-05-28T17:48:01+00:00,,,,,
2026-05-28T19:58:04+00:00,,,,,
2026-05-28T21:59:37+00:00,,,,,
2026-05-28T23:24:42+00:00,,,,,
2026-05-29T01:30:52+00:00,,,,,
2026-05-29T05:53:57+00:00,,,,,
2026-05-29T09:42:45+00:00,,,,,
2026-05-29T12:35:44+00:00,,,,,
2026-05-29T16:27:30+00:00,,,,,
2026-05-29T19:09:56+00:00,,,,,
2026-05-29T21:15:25+00:00,,,,,
2026-05-29T22:44:03+00:00,,,,,
2026-05-29T23:55:17+00:00,,,,,
2026-05-30T02:52:42+00:00,,,,,
2026-05-30T06:15:11+00:00,,,,,
2026-05-30T08:41:10+00:00,,,,,
2026-05-30T10:28:48+00:00,,,,,
2026-05-30T11:54:30+00:00,,,,,
2026-05-30T13:20:27+00:00,,,,,
2026-05-30T14:48:45+00:00,,,,,
2026-05-30T15:54:52+00:00,,,,,
2026-05-30T16:59:33+00:00,,,,,
2026-05-30T18:08:40+00:00,,,,,
2026-05-30T19:40:08+00:00,,,,,
2026-05-30T20:37:28+00:00,,,,,
2026-05-30T21:39:08+00:00,,,,,
2026-05-30T22:37:34+00:00,,,,,
2026-05-30T23:40:12+00:00,,,,,
2026-05-31T01:51:22+00:00,,,,,
2026-05-31T06:05:39+00:00,,,,,
2026-05-31T09:21:10+00:00,,,,,
2026-05-31T11:12:00+00:00,,,,,
2026-05-31T12:47:11+00:00,,,,,
2026-05-31T14:22:27+00:00,,,,,
2026-05-31T15:45:04+00:00,,,,,
2026-05-31T16:47:21+00:00,,,,,
2026-05-31T17:47:27+00:00,,,,,
2026-05-31T18:55:24+00:00,,,,,
2026-05-31T20:05:47+00:00,,,,,
2026-05-31T21:13:30+00:00,,,,,
2026-05-31T22:14:52+00:00,,,,,
2026-05-31T23:31:36+00:00,,,,,
2026-06-01T01:55:43+00:00,,,,,
2026-06-01T06:55:03+00:00,,,,,
2026-06-01T12:34:35+00:00,,,,,
2026-06-01T18:25:37+00:00,,,,,
2026-06-01T21:48:48+00:00,,,,,
2026-06-01T23:18:49+00:00,,,,,
2026-06-02T01:40:32+00:00,,,,,
2026-06-02T06:21:20+00:00,,,,,
2026-06-02T10:59:01+00:00,,,,,
2026-06-02T14:59:47+00:00,,,,,
2026-06-02T18:48:30+00:00,,,,,
2026-06-02T21:37:30+00:00,,,,,
2026-06-02T23:19:26+00:00,,,,,
2026-06-03T02:01:57+00:00,,,,,
2026-06-03T07:02:28+00:00,,,,,
2026-06-03T12:02:38+00:00,,,,,
2026-06-03T17:09:03+00:00,,,,,
2026-06-03T20:25:52+00:00,,,,,
2026-06-03T22:36:39+00:00,,,,,
2026-06-04T00:17:09+00:00,,,,,
2026-06-04T05:12:48+00:00,,,,,
2026-06-04T09:02:03+00:00,,,,,
2026-06-04T12:10:56+00:00,,,,,
2026-06-04T15:43:10+00:00,,,,,
2026-06-04T18:01:11+00:00,,,,,
2026-06-04T20:17:07+00:00,,,,,
2026-06-04T21:55:20+00:00,,,,,
2026-06-04T23:07:18+00:00,,,,,
2026-06-05T00:18:28+00:00,,,,,
2026-06-05T04:51:26+00:00,,,,,
2026-06-05T08:36:43+00:00,,,,,
2026-06-05T11:45:37+00:00,,,,,
2026-06-05T14:10:51+00:00,,,,,
2026-06-05T16:40:35+00:00,,,,,
2026-06-05T18:28:02+00:00,,,,,
2026-06-05T20:27:15+00:00,,,,,
2026-06-05T21:56:58+00:00,,,,,
2026-06-05T23:12:18+00:00,,,,,
2026-06-06T00:19:36+00:00,,,,,
2026-06-06T04:31:50+00:00,,,,,
2026-06-06T07:34:23+00:00,,,,,
2026-06-06T09:36:04+00:00,,,,,
2026-06-06T11:07:49+00:00,,,,,
2026-06-06T12:15:43+00:00,,,,,
2026-06-06T14:10:58+00:00,,,,,
2026-06-06T15:40:15+00:00,,,,,
2026-06-06T16:46:07+00:00,,,,,
2026-06-06T17:53:24+00:00,,,,,
2026-06-06T19:08:47+00:00,,,,,
2026-06-06T20:21:02+00:00,,,,,
2026-06-06T21:32:50+00:00,,,,,
2026-06-06T22:40:06+00:00,,,,,
2026-06-06T23:43:19+00:00,,,,,
2026-06-07T01:57:21+00:00,,,,,
2026-06-07T06:28:39+00:00,,,,,
2026-06-07T09:47:01+00:00,,,,,
2026-06-07T11:28:22+00:00,,,,,
2026-06-07T13:06:13+00:00,,,,,
2026-06-07T14:58:30+00:00,,,,,
2026-06-07T16:22:46+00:00,,,,,
2026-06-07T17:44:54+00:00,,,,,
2026-06-07T18:58:42+00:00,,,,,
2026-06-07T20:18:54+00:00,,,,,
2026-06-07T21:39:46+00:00,,,,,
2026-06-07T22:45:36+00:00,,,,,
2026-06-07T23:48:50+00:00,,,,,
2026-06-08T02:05:06+00:00,,,,,
2026-06-08T06:59:33+00:00,,,,,
2026-06-08T12:04:37+00:00,,,,,
2026-06-08T16:14:05+00:00,,,,,
2026-06-08T18:36:33+00:00,,,,,
2026-06-08T21:03:36+00:00,,,,,
2026-06-08T22:44:27+00:00,,,,,
2026-06-08T23:51:44+00:00,,,,,
2026-06-09T01:53:46+00:00,,,,,
2026-06-09T06:03:50+00:00,,,,,
2026-06-09T10:00:28+00:00,,,,,
2026-06-09T12:45:43+00:00,,,,,
2026-06-09T15:45:45+00:00,,,,,
2026-06-09T17:47:07+00:00,,,,,
2026-06-09T19:48:59+00:00,,,,,
2026-06-09T21:24:57+00:00,,,,,
2026-06-09T22:56:18+00:00,,,,,
2026-06-10T00:14:36+00:00,,,,,
2026-06-10T04:50:52+00:00,,,,,
2026-06-10T08:40:26+00:00,,,,,
2026-06-10T11:59:27+00:00,,,,,
2026-06-10T15:57:37+00:00,,,,,
2026-06-10T18:32:46+00:00,,,,,
2026-06-10T21:10:44+00:00,,,,,
2026-06-10T22:56:12+00:00,,,,,
2026-06-11T00:15:28+00:00,,,,,
2026-06-11T05:00:45+00:00,,,,,
2026-06-11T09:17:59+00:00,,,,,
2026-06-11T12:56:16+00:00,,,,,
2026-06-11T16:54:53+00:00,,,,,
2026-06-11T19:33:10+00:00,,,,,
2026-06-11T21:35:46+00:00,,,,,
2026-06-11T23:08:52+00:00,,,,,
2026-06-12T01:38:08+00:00,,,,,
2026-06-12T06:17:25+00:00,,,,,
2026-06-12T10:42:52+00:00,,,,,
2026-06-12T13:51:18+00:00,,,,,
2026-06-12T16:36:00+00:00,,,,,
2026-06-12T18:28:19+00:00,,,,,
2026-06-12T20:36:12+00:00,,,,,
2026-06-12T22:13:06+00:00,,,,,
2026-06-12T23:52:49+00:00,,,,,
2026-06-13T02:33:14+00:00,,,,,
2026-06-13T06:39:45+00:00,,,,,
2026-06-13T09:45:17+00:00,,,,,
2026-06-13T11:33:08+00:00,,,,,
2026-06-13T13:09:51+00:00,,,,,
2026-06-13T15:09:06+00:00,,,,,
2026-06-13T16:44:02+00:00,,,,,
2026-06-13T17:58:17+00:00,,,,,
2026-06-13T19:44:37+00:00,,,,,
2026-06-13T20:54:41+00:00,,,,,
2026-06-13T21:59:38+00:00,,,,,
2026-06-13T23:15:51+00:00,,,,,
2026-06-14T01:38:07+00:00,,,,,
2026-06-14T06:19:22+00:00,,,,,
2026-06-14T09:59:37+00:00,,,,,
2026-06-14T12:05:57+00:00,,,,,
2026-06-14T14:24:44+00:00,,,,,
2026-06-14T16:03:38+00:00,,,,,
2026-06-14T17:40:39+00:00,,,,,
2026-06-14T18:57:18+00:00,,,,,
2026-06-14T20:20:33+00:00,,,,,
2026-06-14T21:46:21+00:00,,,,,
2026-06-14T22:54:31+00:00,,,,,
2026-06-15T00:05:13+00:00,,,,,
2026-06-15T05:23:55+00:00,,,,,
2026-06-15T11:27:17+00:00,,,,,
2026-06-15T16:27:22+00:00,,,,,
2026-06-15T20:02:21+00:00,,,,,
2026-06-15T22:24:53+00:00,,,,,
2026-06-16T00:09:18+00:00,,,,,
2026-06-16T05:30:28+00:00,,,,,
2026-06-16T10:27:17+00:00,,,,,
2026-06-16T15:27:40+00:00,,,,,
2026-06-16T19:02:29+00:00,,,,,
2026-06-16T21:44:12+00:00,,,,,
2026-06-16T23:11:36+00:00,,,,,
2026-06-17T01:41:17+00:00,,,,,
2026-06-17T06:50:19+00:00,,,,,
2026-06-17T11:24:24+00:00,,,,,
2026-06-17T14:35:08+00:00,,,,,
2026-06-17T17:34:50+00:00,,,,,
2026-06-17T19:46:38+00:00,,,,,
2026-06-17T21:46:30+00:00,,,,,
2026-06-17T23:09:38+00:00,,,,,
2026-06-18T01:40:25+00:00,,,,,
2026-06-18T06:27:10+00:00,,,,,
2026-06-18T10:54:20+00:00,,,,,
2026-06-18T14:06:44+00:00,,,,,
2026-06-18T17:24:50+00:00,,,,,
2026-06-18T19:38:20+00:00,,,,,
2026-06-18T21:36:33+00:00,,,,,
2026-06-18T23:22:46+00:00,,,,,
2026-06-19T02:11:55+00:00,,,,,
2026-06-19T07:29:02+00:00,,,,,
2026-06-19T11:49:14+00:00,,,,,
2026-06-19T14:31:43+00:00,,,,,
2026-06-19T17:00:24+00:00,,,,,
2026-06-19T19:02:53+00:00,,,,,
2026-06-19T20:42:33+00:00,,,,,
2026-06-19T21:50:11+00:00,,,,,
2026-06-19T22:40:35+00:00,,,,,
2026-06-19T23:47:42+00:00,,,,,
2026-06-20T01:54:49+00:00,,,,,
2026-06-20T06:18:01+00:00,,,,,
2026-06-20T09:45:32+00:00,,,,,
2026-06-20T11:45:01+00:00,,,,,
2026-06-20T13:14:14+00:00,,,,,
2026-06-20T15:16:01+00:00,,,,,
2026-06-20T16:54:42+00:00,,,,,
2026-06-20T18:07:38+00:00,,,,,
2026-06-20T19:53:37+00:00,,,,,
2026-06-20T21:08:35+00:00,,,,,
2026-06-20T22:21:43+00:00,,,,,
2026-06-20T23:40:01+00:00,,,,,
2026-06-21T02:04:55+00:00,,,,,
2026-06-21T07:03:24+00:00,,,,,
2026-06-21T10:40:00+00:00,,,,,
2026-06-21T12:29:08+00:00,,,,,
2026-06-21T14:57:31+00:00,,,,,
2026-06-21T16:47:09+00:00,,,,,
2026-06-21T18:10:43+00:00,,,,,
2026-06-21T20:01:47+00:00,,,,,
2026-06-21T21:24:57+00:00,,,,,
2026-06-21T22:42:05+00:00,,,,,
2026-06-21T23:57:32+00:00,,,,,
2026-06-22T04:52:19+00:00,,,,,
2026-06-22T10:31:43+00:00,,,,,
2026-06-22T15:36:23+00:00,,,,,
2026-06-22T18:58:46+00:00,,,,,
2026-06-22T21:33:24+00:00,,,,,
2026-06-22T23:04:34+00:00,,,,,
2026-06-23T00:17:59+00:00,,,,,
2026-06-23T04:33:43+00:00,,,,,
2026-06-23T08:05:58+00:00,,,,,
2026-06-23T11:28:02+00:00,,,,,
2026-06-23T13:59:36+00:00,,,,,
2026-06-23T16:30:31+00:00,,,,,
2026-06-23T18:24:00+00:00,,,,,
2026-06-23T20:30:32+00:00,,,,,
2026-06-23T21:59:43+00:00,,,,,
2026-06-23T23:14:51+00:00,,,,,
2026-06-24T00:12:37+00:00,,,,,
2026-06-24T04:37:08+00:00,,,,,
2026-06-24T08:01:34+00:00,,,,,
2026-06-24T11:12:21+00:00,,,,,
2026-06-24T13:28:39+00:00,,,,,
2026-06-24T15:52:55+00:00,,,,,
2026-06-24T17:47:21+00:00,,,,,
2026-06-24T19:19:34+00:00,,,,,
2026-06-24T21:01:16+00:00,,,,,
2026-06-24T22:24:29+00:00,,,,,
2026-06-24T23:40:37+00:00,,,,,
2026-06-25T01:49:15+00:00,,,,,
2026-06-25T05:52:57+00:00,,,,,
2026-06-25T08:48:48+00:00,,,,,
2026-06-25T11:28:36+00:00,,,,,
2026-06-25T13:37:21+00:00,,,,,
2026-06-25T16:07:38+00:00,,,,,
2026-06-25T18:23:53+00:00,,,,,
2026-06-25T20:28:54+00:00,,,,,
2026-06-25T22:06:18+00:00,,,,,
2026-06-25T23:42:22+00:00,,,,,
2026-06-26T01:52:22+00:00,,,,,
2026-06-26T06:00:41+00:00,,,,,
2026-06-26T09:46:06+00:00,,,,,
2026-06-26T12:02:58+00:00,,,,,
2026-06-26T14:42:15+00:00,,,,,
2026-06-26T16:50:27+00:00,,,,,
2026-06-26T18:18:39+00:00,,,,,
2026-06-26T20:13:52+00:00,,,,,
2026-06-26T21:41:17+00:00,,,,,
2026-06-26T22:50:00+00:00,,,,,
2026-06-26T23:50:26+00:00,,,,,
2026-06-27T01:48:06+00:00,,,,,
2026-06-27T05:40:34+00:00,,,,,
2026-06-27T08:16:59+00:00,,,,,
2026-06-27T10:27:11+00:00,,,,,
2026-06-27T11:55:21+00:00,,,,,
2026-06-27T13:28:25+00:00,,,,,
2026-06-27T15:02:18+00:00,,,,,
2026-06-27T16:16:05+00:00,,,,,
2026-06-27T17:32:47+00:00,,,,,
2026-06-27T18:47:15+00:00,,,,,
2026-06-27T19:59:34+00:00,,,,,
2026-06-27T21:13:42+00:00,,,,,
2026-06-27T22:16:59+00:00,,,,,
2026-06-27T23:31:11+00:00,,,,,
2026-06-28T01:35:58+00:00,,,,,
2026-06-28T05:59:54+00:00,,,,,
2026-06-28T09:25:31+00:00,,,,,
2026-06-28T11:19:32+00:00,,,,,
2026-06-28T12:48:23+00:00,,,,,
2026-06-28T14:28:35+00:00,,,,,
2026-06-28T15:52:01+00:00,,,,,
2026-06-28T16:56:20+00:00,,,,,
2026-06-28T18:05:23+00:00,,,,,
2026-06-28T19:42:55+00:00,,,,,
2026-06-28T20:44:59+00:00,,,,,
2026-06-28T21:46:17+00:00,,,,,
2026-06-28T22:45:50+00:00,,,,,
2026-06-28T23:52:08+00:00,,,,,
2026-06-29T02:27:29+00:00,,,,,
2026-06-29T07:12:11+00:00,,,,,
2026-06-29T12:08:40+00:00,,,,,
2026-06-29T16:08:21+00:00,,,,,
2026-06-29T18:21:08+00:00,,,,,
2026-06-29T20:18:41+00:00,,,,,
2026-06-29T21:46:37+00:00,,,,,
2026-06-29T22:42:27+00:00,,,,,
2026-06-29T23:42:28+00:00,,,,,
2026-06-30T01:50:01+00:00,,,,,
2026-06-30T05:57:42+00:00,,,,,
2026-06-30T09:46:51+00:00,,,,,
2026-06-30T12:01:26+00:00,,,,,
2026-06-30T14:37:19+00:00,,,,,
2026-06-30T16:55:12+00:00,,,,,
2026-06-30T18:54:17+00:00,,,,,
2026-06-30T20:54:34+00:00,,,,,
2026-06-30T22:13:09+00:00,,,,,
2026-06-30T23:37:50+00:00,,,,,
2026-07-01T01:55:25+00:00,,,,,
2026-07-01T06:25:01+00:00,,,,,
2026-07-01T10:28:34+00:00,,,,,
2026-07-01T13:17:59+00:00,,,,,
2026-07-01T15:58:16+00:00,,,,,
2026-07-01T18:03:23+00:00,,,,,
2026-07-01T20:10:11+00:00,,,,,
2026-07-01T21:46:12+00:00,,,,,
2026-07-01T22:55:49+00:00,,,,,
2026-07-02T00:06:02+00:00,,,,,
2026-07-02T04:18:10+00:00,,,,,
2026-07-02T07:46:55+00:00,,,,,
2026-07-02T10:23:28+00:00,,,,,
2026-07-02T12:25:53+00:00,,,,,
2026-07-02T14:38:27+00:00,,,,,
2026-07-02T16:26:00+00:00,,,,,
2026-07-02T18:12:58+00:00,,,,,
2026-07-02T19:53:07+00:00,,,,,
2026-07-02T20:55:34+00:00,,,,,
2026-07-02T22:04:52+00:00,,,,,
2026-07-02T23:19:56+00:00,,,,,
2026-07-03T01:06:52+00:00,,,,,
2026-07-03T04:54:14+00:00,,,,,
2026-07-03T07:57:28+00:00,,,,,
2026-07-03T10:40:03+00:00,,,,,
2026-07-03T12:29:32+00:00,,,,,
2026-07-03T14:53:57+00:00,,,,,
2026-07-03T16:21:11+00:00,,,,,
2026-07-03T17:53:26+00:00,,,,,
2026-07-03T19:06:49+00:00,,,,,
2026-07-03T20:21:01+00:00,,,,,
2026-07-03T21:35:52+00:00,,,,,
2026-07-03T22:39:00+00:00,,,,,
2026-07-03T23:41:47+00:00,,,,,
2026-07-04T01:16:58+00:00,,,,,
2026-07-04T04:55:31+00:00,,,,,
2026-07-04T07:44:47+00:00,,,,,
2026-07-04T09:53:17+00:00,,,,,
2026-07-04T11:19:35+00:00,,,,,
2026-07-04T12:38:07+00:00,,,,,
2026-07-04T14:13:37+00:00,,,,,
2026-07-04T15:32:26+00:00,,,,,
2026-07-04T16:35:15+00:00,,,,,
2026-07-04T17:39:29+00:00,,,,,
2026-07-04T18:40:10+00:00,,,,,
2026-07-04T19:53:04+00:00,,,,,
2026-07-04T20:44:34+00:00,,,,,
2026-07-04T21:42:00+00:00,,,,,
2026-07-04T22:40:02+00:00,,,,,
2026-07-04T23:43:00+00:00,,,,,
2026-07-05T01:25:12+00:00,,,,,
2026-07-05T05:35:43+00:00,,,,,
2026-07-05T08:29:11+00:00,,,,,
2026-07-05T10:39:59+00:00,,,,,
2026-07-05T12:04:14+00:00,,,,,
2026-07-05T14:03:07+00:00,,,,,
2026-07-05T15:23:09+00:00,,,,,
2026-07-05T16:31:34+00:00,,,,,
2026-07-05T17:39:21+00:00,,,,,
2026-07-05T18:43:56+00:00,,,,,
2026-07-05T20:00:42+00:00,,,,,
2026-07-05T21:13:03+00:00,,,,,
2026-07-05T22:13:55+00:00,,,,,
2026-07-05T23:28:54+00:00,,,,,
2026-07-06T01:16:49+00:00,,,,,
2026-07-06T05:39:09+00:00,,,,,
2026-07-06T09:41:22+00:00,,,,,
2026-07-06T13:29:18+00:00,,,,,
2026-07-06T16:40:25+00:00,,,,,
2026-07-06T18:30:53+00:00,,,,,
2026-07-06T20:28:30+00:00,,,,,
2026-07-06T21:55:59+00:00,,,,,
2026-07-06T23:07:00+00:00,,,,,
2026-07-07T00:18:08+00:00,,,,,
2026-07-07T04:28:05+00:00,,,,,
2026-07-07T07:59:15+00:00,,,,,
2026-07-07T11:16:04+00:00,,,,,
2026-07-07T13:27:52+00:00,,,,,
2026-07-07T16:02:49+00:00,,,,,
2026-07-07T18:10:49+00:00,,,,,
2026-07-07T20:13:08+00:00,,,,,
2026-07-07T21:42:15+00:00,,,,,
2026-07-07T22:44:35+00:00,,,,,
2026-07-07T23:39:30+00:00,,,,,
2026-07-08T01:10:08+00:00,,,,,
2026-07-08T04:31:03+00:00,,,,,
2026-07-08T07:07:26+00:00,,,,,
2026-07-08T09:33:40+00:00,,,,,
2026-07-08T11:25:44+00:00,,,,,
2026-07-08T13:02:53+00:00,,,,,
2026-07-08T15:29:57+00:00,,,,,
2026-07-08T17:01:14+00:00,,,,,
2026-07-08T18:24:35+00:00,,,,,
2026-07-08T20:01:03+00:00,,,,,
2026-07-08T21:18:59+00:00,,,,,
2026-07-08T22:27:56+00:00,,,,,
2026-07-08T23:37:34+00:00,,,,,
2026-07-09T01:13:55+00:00,,,,,
2026-07-09T05:08:10+00:00,,,,,
2026-07-09T08:46:58+00:00,,,,,
2026-07-09T11:36:32+00:00,,,,,
2026-07-09T14:11:13+00:00,,,,,
2026-07-09T16:40:52+00:00,,,,,
2026-07-09T18:26:27+00:00,,,,,
2026-07-09T20:19:21+00:00,,,,,
2026-07-09T21:52:13+00:00,,,,,
2026-07-09T23:01:13+00:00,,,,,
2026-07-10T00:14:00+00:00,,,,,
2026-07-10T04:17:15+00:00,,,,,
2026-07-10T07:55:07+00:00,,,,,
2026-07-10T10:50:09+00:00,,,,,
2026-07-10T13:00:52+00:00,,,,,
2026-07-10T15:37:12+00:00,,,,,
2026-07-10T17:24:40+00:00,,,,,
2026-07-10T18:57:43+00:00,,,,,
2026-07-10T20:26:31+00:00,,,,,
2026-07-10T21:34:46+00:00,,,,,
2026-07-10T22:37:05+00:00,,,,,
2026-07-10T23:35:46+00:00,,,,,
2026-07-11T01:04:30+00:00,,,,,
2026-07-11T04:23:30+00:00,,,,,
2026-07-11T06:32:30+00:00,,,,,
2026-07-11T08:23:11+00:00,,,,,
2026-07-11T09:55:10+00:00,,,,,
2026-07-11T11:02:20+00:00,,,,,
2026-07-11T12:00:15+00:00,,,,,
2026-07-11T13:45:13+00:00,,,,,
2026-07-11T14:40:07+00:00,,,,,
2026-07-11T15:36:41+00:00,,,,,
2026-07-11T16:30:42+00:00,,,,,
2026-07-11T17:33:04+00:00,,,,,
2026-07-11T18:30:02+00:00,,,,,
2026-07-11T19:44:42+00:00,,,,,
2026-07-11T20:30:55+00:00,,,,,
2026-07-11T21:26:40+00:00,,,,,
2026-07-11T22:22:11+00:00,,,,,
2026-07-11T23:14:39+00:00,,,,,
2026-07-12T00:12:47+00:00,,,,,
2026-07-12T03:58:43+00:00,,,,,
2026-07-12T06:42:17+00:00,,,,,
2026-07-12T08:54:03+00:00,,,,,
2026-07-12T10:21:45+00:00,,,,,
2026-07-12T11:34:48+00:00,,,,,
2026-07-12T12:31:32+00:00,,,,,
2026-07-12T14:08:04+00:00,,,,,
2026-07-12T15:13:36+00:00,,,,,
2026-07-12T16:13:45+00:00,,,,,
2026-07-12T17:26:29+00:00,,,,,
2026-07-12T18:26:54+00:00,,,,,
2026-07-12T19:39:01+00:00,,,,,
2026-07-12T20:25:53+00:00,,,,,
2026-07-12T21:22:19+00:00,,,,,
2026-07-12T22:11:16+00:00,,,,,
2026-07-12T23:09:06+00:00,,,,,
2026-07-13T00:09:21+00:00,,,,,
2026-07-13T03:57:46+00:00,,,,,
2026-07-13T07:25:33+00:00,,,,,
2026-07-13T10:38:18+00:00,,,,,
2026-07-13T13:02:09+00:00,,,,,
2026-07-13T15:47:57+00:00,,,,,
2026-07-13T17:44:57+00:00,,,,,
2026-07-13T19:05:47+00:00,,,,,
2026-07-13T20:22:49+00:00,,,,,
2026-07-13T21:26:08+00:00,,,,,
2026-07-13T22:26:40+00:00,,,,,
2026-07-13T23:26:02+00:00,,,,,
2026-07-14T00:52:37+00:00,,,,,
2026-07-14T03:50:57+00:00,,,,,
2026-07-14T06:00:41+00:00,,,,,
2026-07-14T08:23:19+00:00,,,,,
2026-07-14T10:14:17+00:00,,,,,
2026-07-14T11:46:24+00:00,,,,,
2026-07-14T12:54:32+00:00,,,,,
2026-07-14T14:45:22+00:00,,,,,
2026-07-14T16:04:11+00:00,,,,,
2026-07-14T17:31:21+00:00,,,,,
2026-07-14T18:42:47+00:00,,,,,
2026-07-14T19:56:13+00:00,,,,,
2026-07-14T20:59:47+00:00,,,,,
2026-07-14T22:05:34+00:00,,,,,
2026-07-14T23:08:29+00:00,,,,,
2026-07-15T00:03:23+00:00,,,,,
2026-07-15T03:25:41+00:00,,,,,
2026-07-15T05:51:48+00:00,,,,,
2026-07-15T07:46:48+00:00,,,,,
2026-07-15T09:43:26+00:00,,,,,
2026-07-15T11:15:14+00:00,,,,,
2026-07-15T12:44:43+00:00,,,,,
2026-07-15T14:28:24+00:00,,,,,
2026-07-15T16:03:47+00:00,,,,,
2026-07-15T17:34:07+00:00,,,,,
2026-07-15T18:41:44+00:00,,,,,
2026-07-15T19:51:14+00:00,,,,,
2026-07-15T20:45:38+00:00,,,,,
2026-07-15T21:41:23+00:00,,,,,
2026-07-15T22:40:19+00:00,,,,,
2026-07-15T23:40:11+00:00,,,,,
2026-07-16T01:07:17+00:00,,,,,
2026-07-16T04:22:37+00:00,,,,,
2026-07-16T06:39:16+00:00,,,,,
2026-07-16T09:00:31+00:00,,,,,
2026-07-16T11:06:14+00:00,,,,,
2026-07-16T12:46:23+00:00,,,,,
2026-07-16T14:48:10+00:00,,,,,
2026-07-16T16:04:49+00:00,,,,,
2026-07-16T17:36:31+00:00,,,,,
2026-07-16T18:44:43+00:00,,,,,
2026-07-16T19:47:20+00:00,,,,,
2026-07-16T20:37:46+00:00,,,,,
2026-07-16T21:43:02+00:00,,,,,
2026-07-16T22:39:46+00:00,,,,,
2026-07-16T23:37:18+00:00,,,,,
2026-07-17T01:09:36+00:00,,,,,
2026-07-17T04:23:17+00:00,,,,,
2026-07-17T06:34:46+00:00,,,,,
2026-07-17T08:39:00+00:00,,,,,
2026-07-17T10:24:58+00:00,,,,,
2026-07-17T11:50:49+00:00,,,,,
2026-07-17T12:52:59+00:00,,,,,
2026-07-17T14:25:21+00:00,,,,,
2026-07-17T15:54:26+00:00,,,,,
2026-07-17T17:06:59+00:00,,,,,
2026-07-17T18:15:42+00:00,,,,,
2026-07-17T19:35:22+00:00,,,,,
2026-07-17T20:29:57+00:00,,,,,
2026-07-17T21:24:00+00:00,,,,,
2026-07-17T22:12:21+00:00,,,,,
2026-07-17T23:08:54+00:00,,,,,
2026-07-18T00:06:52+00:00,,,,,
2026-07-18T03:26:52+00:00,,,,,
2026-07-18T05:42:32+00:00,,,,,
2026-07-18T07:19:11+00:00,,,,,
2026-07-18T09:03:45+00:00,,,,,
2026-07-18T10:36:00+00:00,,,,,
2026-07-18T11:33:07+00:00,,,,,
2026-07-18T12:31:24+00:00,,,,,
2026-07-18T14:02:05+00:00,,,,,
2026-07-18T15:05:01+00:00,,,,,
2026-07-18T16:06:34+00:00,,,,,
2026-07-18T17:10:09+00:00,,,,,
2026-07-18T18:06:50+00:00,,,,,
2026-07-18T19:21:09+00:00,,,,,
2026-07-18T20:09:31+00:00,,,,,
2026-07-18T21:05:19+00:00,,,,,
2026-07-18T22:02:18+00:00,,,,,
2026-07-18T23:01:29+00:00,,,,,
2026-07-19T00:01:41+00:00,,,,,
2026-07-19T03:41:56+00:00,,,,,
2026-07-19T06:15:54+00:00,,,,,
2026-07-19T08:36:14+00:00,,,,,
2026-07-19T10:11:49+00:00,,,,,
2026-07-19T11:29:52+00:00,,,,,
2026-07-19T12:29:08+00:00,,,,,
2026-07-19T14:04:31+00:00,,,,,
2026-07-19T15:09:32+00:00,,,,,
2026-07-19T16:08:48+00:00,,,,,
2026-07-19T17:13:48+00:00,,,,,
2026-07-19T18:09:38+00:00,,,,,
2026-07-19T19:30:34+00:00,,,,,
2026-07-19T20:24:45+00:00,,,,,
2026-07-19T21:22:19+00:00,,,,,
2026-07-19T22:13:23+00:00,,,,,
2026-07-19T23:12:40+00:00,,,,,
2026-07-20T00:12:49+00:00,,,,,
2026-07-20T04:05:47+00:00,,,,,
2026-07-20T07:24:14+00:00,,,,,
2026-07-20T10:23:39+00:00,,,,,
2026-07-20T12:29:37+00:00,,,,,
2026-07-20T14:41:15+00:00,,,,,
2026-07-20T16:14:44+00:00,,,,,
2026-07-20T18:22:00+00:00,,,,,
2026-07-20T20:01:31+00:00,,,,,
2026-07-20T21:18:39+00:00,,,,,
2026-07-20T22:17:38+00:00,,,,,
2026-07-20T23:26:37+00:00,,,,,
2026-07-21T00:57:49+00:00,,,,,
2026-07-21T04:17:12+00:00,,,,,
2026-07-21T06:43:52+00:00,,,,,
2026-07-21T09:17:24+00:00,,,,,
2026-07-21T11:20:15+00:00,,,,,
2026-07-21T12:48:05+00:00,,,,,
2026-07-21T14:50:37+00:00,,,,,
2026-07-21T16:10:06+00:00,,,,,
2026-07-21T17:43:59+00:00,,,,,
2026-07-21T18:57:04+00:00,,,,,
2026-07-21T20:19:12+00:00,,,,,
2026-07-21T21:36:14+00:00,,,,,
2026-07-21T22:32:31+00:00,,,,,
2026-07-21T23:34:18+00:00,,,,,
2026-07-22T01:02:39+00:00,,,,,
2026-07-22T04:26:54+00:00,,,,,
2026-07-22T07:11:49+00:00,,,,,
2026-07-22T09:38:42+00:00,,,,,
2026-07-22T11:28:53+00:00,,,,,
2026-07-22T13:03:50+00:00,,,,,
2026-07-22T15:10:37+00:00,,,,,
2026-07-22T16:44:44+00:00,,,,,
2026-07-22T17:55:34+00:00,,,,,
2026-07-22T19:14:56+00:00,,,,,
2026-07-22T20:38:09+00:00,,,,,
2026-07-22T21:40:08+00:00,,,,,
2026-07-22T22:40:11+00:00,,,,,
2026-07-22T23:40:30+00:00,,,,,
2026-07-23T01:12:01+00:00,,,,,
2026-07-23T04:34:34+00:00,,,,,
2026-07-23T07:13:01+00:00,,,,,
2026-07-23T09:37:22+00:00,,,,,
2026-07-23T11:29:50+00:00,,,,,
2026-07-23T13:06:12+00:00,,,,,
2026-07-23T15:20:59+00:00,,,,,
2026-07-23T16:51:51+00:00,,,,,
2026-07-23T18:05:32+00:00,,,,,
2026-07-23T19:41:11+00:00,,,,,
2026-07-23T20:42:21+00:00,,,,,
2026-07-23T21:43:51+00:00,,,,,
2026-07-23T22:39:11+00:00,,,,,
2026-07-23T23:37:28+00:00,,,,,
2026-07-24T01:05:29+00:00,,,,,
2026-07-24T04:27:21+00:00,,,,,
2026-07-24T07:08:20+00:00,,,,,
2026-07-24T09:31:21+00:00,,,,,
2026-07-24T11:19:25+00:00,,,,,
2026-07-24T12:49:49+00:00,,,,,
2026-07-24T14:28:48+00:00,,,,,
2026-07-24T15:56:24+00:00,,,,,
2026-07-24T17:37:55+00:00,,,,,
2026-07-24T19:03:15+00:00,,,,,
2026-07-24T20:37:32+00:00,,,,,
2026-07-24T21:42:55+00:00,,,,,
2026-07-24T22:43:28+00:00,,,,,
2026-07-24T23:44:51+00:00,,,,,
2026-07-25T01:12:48+00:00,,,,,
2026-07-25T04:29:13+00:00,,,,,
2026-07-25T06:40:33+00:00,,,,,
2026-07-25T09:55:39+00:00,,,,,
2026-07-25T10:17:57+00:00,,,,,
2026-07-25T11:38:26+00:00,,,,,
2026-07-25T12:42:30+00:00,,,,,
2026-07-25T14:18:56+00:00,,,,,
2026-07-25T15:32:39+00:00,,,,,
2026-07-25T16:28:10+00:00,,,,,
2026-07-25T17:32:06+00:00,,,,,
2026-07-25T18:31:52+00:00,,,,,
2026-07-25T19:48:06+00:00,,,,,
2026-07-25T20:35:48+00:00,,,,,
2026-07-25T21:31:22+00:00,,,,,
2026-07-25T22:32:00+00:00,,,,,
2026-07-25T23:33:54+00:00,,,,,
2026-07-26T01:10:30+00:00,,,,,
2026-07-26T04:41:20+00:00,,,,,
2026-07-26T07:19:29+00:00,,,,,
2026-07-26T09:27:40+00:00,,,,,
2026-07-26T11:02:41+00:00,,,,,
2026-07-26T12:11:18+00:00,,,,,
2026-07-26T13:55:58+00:00,,,,,
2026-07-26T15:04:09+00:00,,,,,
2026-07-26T16:11:21+00:00,,,,,
2026-07-26T17:14:56+00:00,,,,,
2026-07-26T18:13:37+00:00,,,,,
2026-07-26T19:36:10+00:00,,,,,
2026-07-26T20:34:00+00:00,,,,,
2026-07-26T21:32:07+00:00,,,,,
2026-07-26T22:35:01+00:00,,,,,
2026-07-26T23:35:31+00:00,,,,,
2026-07-27T01:14:30+00:00,,,,,
2026-07-27T04:54:21+00:00,,,,,
2026-07-27T08:25:42+00:00,,,,,
2026-07-27T11:50:14+00:00,,,,,
2026-07-27T14:01:54+00:00,,,,,
2026-07-27T16:29:33+00:00,,,,,
2026-07-27T18:07:36+00:00,,,,,
2026-07-27T19:51:21+00:00,,,,,
2026-07-27T20:57:19+00:00,,,,,
2026-07-27T22:10:05+00:00,,,,,
2026-07-27T23:19:09+00:00,,,,,
2026-07-28T00:14:07+00:00,,,,,
2026-07-28T03:39:09+00:00,,,,,
2026-07-28T06:13:34+00:00,,,,,
2026-07-28T09:06:05+00:00,,,,,
2026-07-28T11:25:26+00:00,,,,,
2026-07-28T13:09:00+00:00,,,,,
2026-07-28T15:31:48+00:00,,,,,
2026-07-28T17:03:57+00:00,,,,,
2026-07-28T18:24:33+00:00,,,,,
2026-07-28T19:59:21+00:00,,,,,
2026-07-28T21:15:40+00:00,,,,,
2026-07-28T22:26:26+00:00,,,,,
2026-07-28T23:30:04+00:00,,,,,
2026-07-29T01:01:18+00:00,,,,,
2026-07-29T04:20:45+00:00,,,,,
2026-07-29T07:09:23+00:00,,,,,
2026-07-29T09:48:01+00:00,,,,,
2026-07-29T11:50:17+00:00,,,,,
2026-07-29T13:27:25+00:00,,,,,
2026-07-29T15:30:13+00:00,,,,,
2026-07-29T16:51:42+00:00,,,,,
2026-07-29T17:59:54+00:00,,,,,
2026-07-29T19:35:59+00:00,,,,,
2026-07-29T20:33:18+00:00,,,,,
2026-07-29T21:30:41+00:00,,,,,
2026-07-29T22:31:51+00:00,,,,,
2026-07-29T23:35:05+00:00,,,,,
2026-07-30T00:59:31+00:00,,,,,
2026-07-30T04:12:09+00:00,,,,,
2026-07-30T06:41:35+00:00,,,,,
2026-07-30T09:18:06+00:00,,,,,
2026-07-30T11:24:00+00:00,,,,,
2026-07-30T13:02:41+00:00,,,,,
2026-07-30T15:19:37+00:00,,,,,
2026-07-30T16:53:57+00:00,,,,,
2026-07-30T18:11:19+00:00,,,,,
2026-07-30T19:52:08+00:00,,,,,
2026-07-30T20:52:54+00:00,,,,,
2026-07-30T21:59:17+00:00,,,,,
2026-07-30T23:13:38+00:00,,,,,
2026-07-31T00:16:17+00:00,,,,,
2026-07-31T03:54:50+00:00,,,,,
2026-07-31T06:40:25+00:00,,,,,
2026-07-31T09:31:50+00:00,,,,,
2026-07-31T11:39:13+00:00,,,,,
2026-07-31T13:17:56+00:00,,,,,
2026-07-31T15:31:59+00:00,,,,,
2026-07-31T17:07:51+00:00,,,,,
2026-07-31T18:42:56+00:00,,,,,
2026-07-31T20:09:06+00:00,,,,,
2026-07-31T21:19:41+00:00,,,,,
2026-07-31T22:27:42+00:00,,,,,
2026-07-31T23:31:41+00:00,,,,,
2026-08-01T01:07:39+00:00,,,,,
2026-08-01T04:32:41+00:00,,,,,
2026-08-01T07:06:23+00:00,,,,,
2026-08-01T09:17:14+00:00,,,,,
2026-08-01T10:51:55+00:00,,,,,
2026-08-01T11:53:55+00:00,,,,,
2026-08-01T13:04:48+00:00,,,,,
2026-08-01T14:39:13+00:00,,,,,
2026-08-01T15:42:29+00:00,,,,,
2026-08-01T16:38:15+00:00,,,,,
2026-08-01T17:41:43+00:00,,,,,
2026-08-01T18:40:34+00:00,,,,,
2026-08-01T19:54:21+00:00,,,,,
2026-08-01T20:43:52+00:00,,,,,
2026-08-01T21:38:22+00:00,,,,,
2026-08-01T22:36:40+00:00,,,,,
2026-08-01T23:35:51+00:00,,,,,
2026-08-02T01:11:19+00:00,,,,,
2026-08-02T04:37:41+00:00,,,,,
2026-08-02T07:15:53+00:00,,,,,
2026-08-02T09:24:24+00:00,,,,,
2026-08-02T10:57:04+00:00,,,,,
2026-08-02T12:03:35+00:00,,,,,
2026-08-02T13:47:45+00:00,,,,,
2026-08-02T14:51:07+00:00,,,,,
2026-08-02T15:48:33+00:00,,,,,
2026-08-02T16:40:49+00:00,,,,,
2026-08-02T17:44:38+00:00,,,,,
2026-08-02T18:43:32+00:00,,,,,
2026-08-02T19:57:18+00:00,,,,,
2026-08-02T20:58:19+00:00,,,,,
2026-08-02T21:59:48+00:00,,,,,
2026-08-02T23:01:34+00:00,,,,,
2026-08-03T00:06:40+00:00,,,,,
2026-08-03T03:49:46+00:00,,,,,
2026-08-03T06:48:34+00:00,,,,,
2026-08-03T10:29:13+00:00,,,,,
2026-08-03T13:25:34+00:00,,,,,
2026-08-03T16:01:04+00:00,,,,,
2026-08-03T17:59:44+00:00,,,,,
2026-08-03T19:47:46+00:00,,,,,
2026-08-03T20:47:26+00:00,,,,,
2026-08-03T21:52:25+00:00,,,,,
2026-08-03T22:51:35+00:00,,,,,
2026-08-03T23:57:01+00:00,,,,,
2026-08-04T02:44:10+00:00,,,,,
2026-08-04T05:34:03+00:00,,,,,
2026-08-04T08:04:37+00:00,,,,,
2026-08-04T10:47:24+00:00,,,,,
2026-08-04T12:30:42+00:00,,,,,
2026-08-04T15:04:41+00:00,,,,,
2026-08-04T17:00:03+00:00,,,,,
2026-08-04T18:43:40+00:00,,,,,
2026-08-04T20:12:58+00:00,,,,,
2026-08-04T21:37:04+00:00,,,,,
2026-08-04T22:41:36+00:00,,,,,
2026-08-04T23:43:00+00:00,,,,,
2026-08-05T01:06:59+00:00,,,,,
2026-08-05T04:25:58+00:00,,,,,
2026-08-05T07:13:33+00:00,,,,,
2026-08-05T09:57:07+00:00,,,,,
2026-08-05T12:00:12+00:00,,,,,
2026-08-05T14:26:51+00:00,,,,,
2026-08-05T16:14:55+00:00,,,,,
2026-08-05T17:55:18+00:00,,,,,
2026-08-05T19:25:09+00:00,,,,,
2026-08-05T20:43:05+00:00,,,,,
2026-08-05T21:56:45+00:00,,,,,
2026-08-05T23:00:33+00:00,,,,,
2026-08-06T00:06:00+00:00,,,,,
2026-08-06T03:31:05+00:00,,,,,
2026-08-06T06:12:11+00:00,,,,,
2026-08-06T09:06:12+00:00,,,,,
2026-08-06T11:30:37+00:00,,,,,
2026-08-06T13:11:23+00:00,,,,,
2026-08-06T15:33:22+00:00,,,,,
2026-08-07T00:30:06+00:00,,,,,
2026-08-07T03:32:35+00:00,,,,,
2026-08-07T05:18:41+00:00,,,,,
2026-08-07T06:37:00+00:00,,,,,
2026-08-07T07:56:12+00:00,,,,,
2026-08-07T08:58:21+00:00,,,,,
2026-08-07T10:04:28+00:00,,,,,
2026-08-07T11:03:29+00:00,,,,,
2026-08-07T11:53:02+00:00,,,,,
2026-08-07T12:41:39+00:00,,,,,
2026-08-07T13:58:58+00:00,,,,,
2026-08-07T15:00:58+00:00,,,,,
2026-08-07T16:02:18+00:00,,,,,
2026-08-07T17:02:25+00:00,,,,,
2026-08-07T17:55:29+00:00,,,,,
2026-08-07T18:53:18+00:00,,,,,
2026-08-07T19:45:05+00:00,,,,,
2026-08-07T20:23:24+00:00,,,,,
2026-08-07T21:06:46+00:00,,,,,
2026-08-07T21:52:18+00:00,,,,,
2026-08-07T22:23:56+00:00,,,,,
2026-08-07T23:03:02+00:00,,,,,
2026-08-07T23:42:57+00:00,,,,,
2026-08-08T00:30:58+00:00,,,,,
2026-08-08T02:30:06+00:00,,,,,
2026-08-08T03:52:06+00:00,,,,,
2026-08-08T04:44:48+00:00,,,,,
2026-08-08T05:29:41+00:00,,,,,
2026-08-08T06:09:19+00:00,,,,,
2026-08-08T07:12:31+00:00,,,,,
2026-08-08T07:59:47+00:00,,,,,
2026-08-08T08:52:08+00:00,,,,,
2026-08-08T09:25:32+00:00,,,,,
2026-08-08T10:02:01+00:00,,,,,
2026-08-08T10:44:16+00:00,,,,,
2026-08-08T11:12:16+00:00,,,,,
2026-08-08T11:44:03+00:00,,,,,
2026-08-08T12:04:05+00:00,,,,,
2026-08-08T13:08:24+00:00,,,,,
2026-08-08T13:54:46+00:00,,,,,
2026-08-08T14:27:49+00:00,,,,,
2026-08-08T14:59:11+00:00,,,,,
2026-08-08T15:36:30+00:00,,,,,
2026-08-08T16:00:27+00:00,,,,,
2026-08-08T16:44:51+00:00,,,,,
2026-08-08T17:13:54+00:00,,,,,
2026-08-08T17:47:31+00:00,,,,,
2026-08-08T18:15:04+00:00,,,,,
2026-08-08T19:01:36+00:00,,,,,
2026-08-08T19:37:49+00:00,,,,,
2026-08-08T20:00:09+00:00,,,,,
2026-08-08T20:39:09+00:00,,,,,
2026-08-08T21:04:05+00:00,,,,,
2026-08-08T21:41:22+00:00,,,,,
2026-08-08T22:02:15+00:00,,,,,
2026-08-08T22:39:45+00:00,,,,,
2026-08-08T23:03:13+00:00,,,,,
2026-08-08T23:38:33+00:00,,,,,
2026-08-09T00:00:54+00:00,,,,,
2026-08-09T02:21:50+00:00,,,,,
2026-08-09T03:55:33+00:00,,,,,
2026-08-09T05:02:30+00:00,,,,,
2026-08-09T05:53:22+00:00,,,,,
2026-08-09T06:41:13+00:00,,,,,
2026-08-09T07:40:02+00:00,,,,,
2026-08-09T08:22:57+00:00,,,,,
2026-08-09T09:08:45+00:00,,,,,
2026-08-09T09:54:16+00:00,,,,,
2026-08-09T10:27:27+00:00,,,,,
2026-08-09T11:02:30+00:00,,,,,
2026-08-09T11:38:07+00:00,,,,,
2026-08-09T12:00:55+00:00,,,,,
2026-08-09T13:08:24+00:00,,,,,
2026-08-09T13:56:47+00:00,,,,,
2026-08-09T14:35:19+00:00,,,,,
2026-08-09T15:04:19+00:00,,,,,
2026-08-09T15:41:50+00:00,,,,,
2026-08-09T16:04:18+00:00,,,,,
2026-08-09T16:49:22+00:00,,,,,
2026-08-09T17:17:35+00:00,,,,,
2026-08-09T17:51:34+00:00,,,,,
2026-08-09T18:20:49+00:00,,,,,
2026-08-09T19:07:43+00:00,,,,,
2026-08-09T19:45:59+00:00,,,,,
2026-08-09T20:12:46+00:00,,,,,
2026-08-09T20:52:26+00:00,,,,,
2026-08-09T21:21:12+00:00,,,,,
2026-08-09T21:54:11+00:00,,,,,
2026-08-09T22:24:04+00:00,,,,,
2026-08-09T22:58:00+00:00,,,,,
2026-08-09T23:35:35+00:00,,,,,
2026-08-10T00:02:23+00:00,,,,,
2026-08-10T02:27:46+00:00,,,,,
2026-08-10T04:13:29+00:00,,,,,
2026-08-10T05:45:14+00:00,,,,,
2026-08-10T06:57:37+00:00,,,,,
2026-08-10T08:41:34+00:00,,,,,
2026-08-10T10:01:40+00:00,,,,,
2026-08-10T11:16:19+00:00,,,,,
2026-08-10T12:02:32+00:00,,,,,
2026-08-10T13:36:13+00:00,,,,,
2026-08-10T14:40:24+00:00,,,,,
2026-08-10T15:36:56+00:00,,,,,
2026-08-10T16:28:33+00:00,,,,,
2026-08-10T17:27:40+00:00,,,,,
2026-08-10T18:24:03+00:00,,,,,
2026-08-10T19:28:33+00:00,,,,,
2026-08-10T20:09:25+00:00,,,,,
2026-08-10T21:00:32+00:00,,,,,
2026-08-10T21:51:42+00:00,,,,,
2026-08-10T22:23:35+00:00,,,,,
2026-08-10T23:04:25+00:00,,,,,
2026-08-10T23:46:32+00:00,,,,,
2026-08-11T00:36:42+00:00,,,,,
2026-08-11T02:49:00+00:00,,,,,
2026-08-11T04:07:05+00:00,,,,,
2026-08-11T05:19:34+00:00,,,,,
2026-08-11T06:09:52+00:00,,,,,
2026-08-11T07:34:50+00:00,,,,,
2026-08-11T08:33:26+00:00,,,,,
2026-08-11T09:35:21+00:00,,,,,
2026-08-11T10:29:14+00:00,,,,,
2026-08-11T11:23:13+00:00,,,,,
2026-08-11T12:05:35+00:00,,,,,
2026-08-11T13:36:11+00:00,,,,,
2026-08-11T14:40:13+00:00,,,,,
2026-08-11T15:37:52+00:00,,,,,
2026-08-11T16:32:38+00:00,,,,,
2026-08-11T17:33:13+00:00,,,,,
2026-08-11T18:29:48+00:00,,,,,
2026-08-11T19:37:32+00:00,,,,,
2026-08-11T20:21:18+00:00,,,,,
2026-08-11T21:09:40+00:00,,,,,
2026-08-11T22:02:43+00:00,,,,,
2026-08-11T22:55:54+00:00,,,,,
2026-08-11T23:38:52+00:00,,,,,
2026-08-12T00:41:41+00:00,,,,,
2026-08-12T03:11:02+00:00,,,,,
2026-08-12T05:01:47+00:00,,,,,
2026-08-12T06:22:11+00:00,,,,,
2026-08-12T07:57:15+00:00,,,,,
2026-08-12T09:13:59+00:00,,,,,
2026-08-12T10:27:34+00:00,,,,,
2026-08-12T11:22:31+00:00,,,,,
2026-08-12T12:05:25+00:00,,,,,
2026-08-12T13:39:21+00:00,,,,,
2026-08-12T14:42:37+00:00,,,,,
2026-08-12T15:39:35+00:00,,,,,
2026-08-12T16:34:33+00:00,,,,,
2026-08-12T17:35:46+00:00,,,,,
2026-08-12T18:31:08+00:00,,,,,
2026-08-12T19:41:12+00:00,,,,,
2026-08-12T20:22:16+00:00,,,,,
2026-08-12T21:09:46+00:00,,,,,
2026-08-12T22:01:22+00:00,,,,,
2026-08-12T22:53:14+00:00,,,,,
2026-08-12T23:32:09+00:00,,,,,
2026-08-13T00:09:52+00:00,,,,,
2026-08-13T02:45:20+00:00,,,,,
2026-08-13T04:31:34+00:00,,,,,
2026-08-13T06:02:02+00:00,,,,,
2026-08-13T07:46:58+00:00,,,,,
2026-08-13T08:56:16+00:00,,,,,
2026-08-13T10:05:05+00:00,,,,,
2026-08-13T11:08:36+00:00,,,,,
2026-08-13T11:57:14+00:00,,,,,
2026-08-13T13:17:05+00:00,,,,,
2026-08-13T14:34:02+00:00,,,,,
2026-08-13T15:33:18+00:00,,,,,
2026-08-13T16:29:13+00:00,,,,,
2026-08-13T17:31:29+00:00,,,,,
2026-08-13T18:30:25+00:00,,,,,
2026-08-13T19:37:16+00:00,,,,,
2026-08-13T20:17:34+00:00,,,,,
2026-08-13T21:07:15+00:00,,,,,
2026-08-13T21:59:21+00:00,,,,,
2026-08-13T22:53:03+00:00,,,,,
2026-08-13T23:32:19+00:00,,,,,
2026-08-14T00:39:54+00:00,,,,,
2026-08-14T03:11:38+00:00,,,,,
2026-08-14T05:02:20+00:00,,,,,
2026-08-14T06:22:22+00:00,,,,,
2026-08-14T07:55:30+00:00,,,,,
2026-08-14T09:05:05+00:00,,,,,
2026-08-14T10:13:44+00:00,,,,,
2026-08-14T11:09:06+00:00,,,,,
2026-08-14T11:55:31+00:00,,,,,
2026-08-14T13:01:16+00:00,,,,,
2026-08-14T14:18:04+00:00,,,,,
2026-08-14T15:10:11+00:00,,,,,
2026-08-14T16:05:02+00:00,,,,,
2026-08-14T17:05:52+00:00,,,,,
2026-08-14T18:01:58+00:00,,,,,
2026-08-14T19:06:43+00:00,,,,,
2026-08-14T19:53:04+00:00,,,,,
2026-08-14T20:22:24+00:00,,,,,
2026-08-14T20:52:25+00:00,,,,,
2026-08-14T21:14:48+00:00,,,,,
2026-08-14T21:42:58+00:00,,,,,
2026-08-14T21:59:41+00:00,,,,,
2026-08-14T22:31:47+00:00,,,,,
2026-08-14T22:53:28+00:00,,,,,
2026-08-14T23:14:09+00:00,,,,,
2026-08-14T23:40:23+00:00,,,,,
2026-08-14T23:58:49+00:00,,,,,
2026-08-15T01:41:00+00:00,,,,,
2026-08-15T02:38:00+00:00,,,,,
2026-08-15T03:21:39+00:00,,,,,
2026-08-15T03:58:35+00:00,,,,,
2026-08-15T04:37:25+00:00,,,,,
2026-08-15T05:00:35+00:00,,,,,
2026-08-15T05:33:17+00:00,,,,,
2026-08-15T05:55:22+00:00,,,,,
2026-08-15T06:33:53+00:00,,,,,
2026-08-15T07:08:39+00:00,,,,,
2026-08-15T07:42:18+00:00,,,,,
2026-08-15T08:00:20+00:00,,,,,
2026-08-15T08:38:43+00:00,,,,,
2026-08-15T09:01:59+00:00,,,,,
2026-08-15T09:33:48+00:00,,,,,
2026-08-15T09:53:55+00:00,,,,,
2026-08-15T10:15:43+00:00,,,,,
2026-08-15T10:42:34+00:00,,,,,
2026-08-15T10:59:04+00:00,,,,,
2026-08-15T11:27:09+00:00,,,,,
2026-08-15T11:46:06+00:00,,,,,
2026-08-15T11:59:43+00:00,,,,,
2026-08-15T12:52:24+00:00,,,,,
2026-08-15T13:22:24+00:00,,,,,
2026-08-15T13:48:33+00:00,,,,,
2026-08-15T14:04:40+00:00,,,,,
2026-08-15T14:34:33+00:00,,,,,
2026-08-15T14:54:38+00:00,,,,,
2026-08-15T15:15:39+00:00,,,,,
2026-08-15T15:38:18+00:00,,,,,
2026-08-15T15:54:55+00:00,,,,,
2026-08-15T16:19:51+00:00,,,,,
2026-08-15T16:45:12+00:00,,,,,
2026-08-15T17:02:32+00:00,,,,,
2026-08-15T17:29:55+00:00,,,,,
2026-08-15T17:49:14+00:00,,,,,
2026-08-15T18:00:25+00:00,,,,,
2026-08-15T18:40:29+00:00,,,,,
2026-08-15T19:02:28+00:00,,,,,
2026-08-15T19:28:56+00:00,,,,,
2026-08-15T19:47:30+00:00,,,,,
2026-08-15T20:00:13+00:00,,,,,
2026-08-15T20:32:10+00:00,,,,,
2026-08-15T20:52:56+00:00,,,,,
2026-08-15T21:12:18+00:00,,,,,
2026-08-15T21:35:08+00:00,,,,,
2026-08-15T21:52:58+00:00,,,,,
2026-08-15T22:11:42+00:00,,,,,
2026-08-15T22:37:06+00:00,,,,,
2026-08-15T22:55:38+00:00,,,,,
2026-08-15T23:18:06+00:00,,,,,
2026-08-15T23:39:00+00:00,,,,,
2026-08-15T23:55:14+00:00,,,,,
2026-08-16T01:08:59+00:00,,,,,
2026-08-16T02:34:05+00:00,,,,,
2026-08-16T03:29:31+00:00,,,,,
2026-08-16T04:09:51+00:00,,,,,
2026-08-16T04:49:11+00:00,,,,,
2026-08-16T05:14:44+00:00,,,,,
2026-08-16T05:45:49+00:00,,,,,
2026-08-16T06:13:38+00:00,,,,,
2026-08-16T07:00:42+00:00,,,,,
2026-08-16T07:38:23+00:00,,,,,
2026-08-16T07:58:18+00:00,,,,,
2026-08-16T08:35:51+00:00,,,,,
2026-08-16T09:00:14+00:00,,,,,
2026-08-16T09:35:08+00:00,,,,,
2026-08-16T09:55:10+00:00,,,,,
2026-08-16T10:19:49+00:00,,,,,
2026-08-16T10:43:36+00:00,,,,,
2026-08-16T11:00:08+00:00,,,,,
2026-08-16T11:28:02+00:00,,,,,
2026-08-16T11:47:32+00:00,,,,,
2026-08-16T12:00:34+00:00,,,,,
2026-08-16T12:54:38+00:00,,,,,
2026-08-16T13:26:41+00:00,,,,,
2026-08-16T13:52:52+00:00,,,,,
2026-08-16T14:13:18+00:00,,,,,
2026-08-16T14:41:17+00:00,,,,,
2026-08-16T14:58:37+00:00,,,,,
2026-08-16T15:27:47+00:00,,,,,
2026-08-16T15:47:43+00:00,,,,,
2026-08-16T16:01:01+00:00,,,,,
2026-08-16T16:35:31+00:00,,,,,
2026-08-16T16:56:11+00:00,,,,,
2026-08-16T17:18:28+00:00,,,,,
2026-08-16T17:39:09+00:00,,,,,
2026-08-16T17:54:56+00:00,,,,,
2026-08-16T18:23:11+00:00,,,,,
2026-08-16T18:52:35+00:00,,,,,
2026-08-16T19:13:08+00:00,,,,,
2026-08-16T19:34:51+00:00,,,,,
2026-08-16T19:50:13+00:00,,,,,
2026-08-16T20:00:40+00:00,,,,,
2026-08-16T20:32:06+00:00,,,,,
2026-08-16T20:52:18+00:00,,,,,
2026-08-16T21:09:57+00:00,,,,,
2026-08-16T21:33:31+00:00,,,,,
2026-08-16T21:51:17+00:00,,,,,
2026-08-16T22:06:42+00:00,,,,,
2026-08-16T22:33:42+00:00,,,,,
2026-08-16T22:52:42+00:00,,,,,
2026-08-16T23:10:40+00:00,,,,,
2026-08-16T23:33:49+00:00,,,,,
2026-08-16T23:51:34+00:00,,,,,
2026-08-17T00:29:53+00:00,,,,,
2026-08-17T02:05:28+00:00,,,,,
2026-08-17T03:09:16+00:00,,,,,
2026-08-17T04:00:20+00:00,,,,,
2026-08-17T04:52:05+00:00,,,,,
2026-08-17T05:25:17+00:00,,,,,
2026-08-17T05:59:01+00:00,,,,,
2026-08-17T07:09:01+00:00,,,,,
2026-08-17T07:58:52+00:00,,,,,
2026-08-17T08:52:14+00:00,,,,,
2026-08-17T09:29:01+00:00,,,,,
2026-08-17T10:06:06+00:00,,,,,
2026-08-17T10:45:42+00:00,,,,,
2026-08-17T11:10:02+00:00,,,,,
2026-08-17T11:38:46+00:00,,,,,
2026-08-17T11:57:55+00:00,,,,,
2026-08-17T12:52:34+00:00,,,,,
2026-08-17T13:31:58+00:00,,,,,
2026-08-17T14:03:14+00:00,,,,,
2026-08-17T14:38:08+00:00,,,,,
2026-08-17T14:58:48+00:00,,,,,
2026-08-17T15:31:27+00:00,,,,,
2026-08-17T15:52:57+00:00,,,,,
2026-08-17T16:16:44+00:00,,,,,
2026-08-17T16:48:56+00:00,,,,,
2026-08-17T17:12:57+00:00,,,,,
2026-08-17T17:46:04+00:00,,,,,
2026-08-17T18:14:49+00:00,,,,,
2026-08-17T18:59:57+00:00,,,,,
2026-08-17T19:34:14+00:00,,,,,
2026-08-17T19:55:19+00:00,,,,,
2026-08-17T20:23:05+00:00,,,,,
2026-08-17T20:50:33+00:00,,,,,
2026-08-17T21:12:43+00:00,,,,,
2026-08-17T21:42:09+00:00,,,,,
2026-08-17T22:00:04+00:00,,,,,
2026-08-17T22:32:31+00:00,,,,,
2026-08-17T22:54:06+00:00,,,,,
2026-08-17T23:16:54+00:00,,,,,
2026-08-17T23:40:47+00:00,,,,,
2026-08-17T23:57:54+00:00,,,,,
2026-08-18T01:26:02+00:00,,,,,
2026-08-18T02:35:31+00:00,,,,,
2026-08-18T03:25:12+00:00,,,,,
2026-08-18T04:06:20+00:00,,,,,
2026-08-18T04:47:55+00:00,,,,,
2026-08-18T05:15:50+00:00,,,,,
2026-08-18T05:47:55+00:00,,,,,
2026-08-18T06:17:15+00:00,,,,,
2026-08-18T07:08:55+00:00,,,,,
2026-08-18T07:51:56+00:00,,,,,
2026-08-18T08:20:46+00:00,,,,,
2026-08-18T08:58:33+00:00,,,,,
2026-08-18T09:39:02+00:00,,,,,
2026-08-18T10:02:22+00:00,,,,,
2026-08-18T10:39:29+00:00,,,,,
2026-08-18T11:01:02+00:00,,,,,
2026-08-18T11:33:14+00:00,,,,,
2026-08-18T11:55:15+00:00,,,,,
2026-08-18T12:39:26+00:00,,,,,
2026-08-18T13:28:30+00:00,,,,,
2026-08-18T14:07:07+00:00,,,,,
2026-08-18T14:48:54+00:00,,,,,
2026-08-18T15:16:16+00:00,,,,,
2026-08-18T15:49:38+00:00,,,,,
2026-08-18T16:13:45+00:00,,,,,
2026-08-18T16:50:08+00:00,,,,,
2026-08-18T17:14:14+00:00,,,,,
2026-08-18T17:45:54+00:00,,,,,
2026-08-18T18:13:08+00:00,,,,,
2026-08-18T18:57:23+00:00,,,,,
2026-08-18T19:29:28+00:00,,,,,
2026-08-18T19:50:35+00:00,,,,,
2026-08-18T20:07:59+00:00,,,,,
2026-08-18T20:37:32+00:00,,,,,
2026-08-18T20:57:49+00:00,,,,,
2026-08-18T21:28:01+00:00,,,,,
2026-08-18T21:49:07+00:00,,,,,
2026-08-18T22:02:22+00:00,,,,,
2026-08-18T22:34:51+00:00,,,,,
2026-08-18T22:56:14+00:00,,,,,
2026-08-18T23:21:43+00:00,,,,,
2026-08-18T23:42:36+00:00,,,,,
2026-08-18T23:58:52+00:00,,,,,
2026-08-19T01:43:04+00:00,,,,,
2026-08-19T02:43:41+00:00,,,,,
2026-08-19T03:30:37+00:00,,,,,
2026-08-19T04:10:51+00:00,,,,,
2026-08-19T04:51:15+00:00,,,,,
2026-08-19T05:17:56+00:00,,,,,
2026-08-19T05:50:28+00:00,,,,,
2026-08-19T06:19:16+00:00,,,,,
2026-08-19T07:10:41+00:00,,,,,
2026-08-19T07:53:23+00:00,,,,,
2026-08-19T08:26:18+00:00,,,,,
2026-08-19T09:04:15+00:00,,,,,
2026-08-19T09:44:47+00:00,,,,,
2026-08-19T10:10:55+00:00,,,,,
2026-08-19T10:45:36+00:00,,,,,
2026-08-19T11:08:21+00:00,,,,,
2026-08-19T11:36:42+00:00,,,,,
2026-08-19T11:57:40+00:00,,,,,
2026-08-19T12:53:39+00:00,,,,,
2026-08-19T13:37:49+00:00,,,,,
2026-08-19T14:16:21+00:00,,,,,
2026-08-19T14:55:59+00:00,,,,,
2026-08-19T15:29:28+00:00,,,,,
2026-08-19T15:58:58+00:00,,,,,
2026-08-19T16:38:56+00:00,,,,,
2026-08-19T17:01:23+00:00,,,,,
2026-08-19T17:34:24+00:00,,,,,
2026-08-19T17:54:57+00:00,,,,,
2026-08-19T18:29:12+00:00,,,,,
2026-08-19T19:03:41+00:00,,,,,
2026-08-19T19:34:08+00:00,,,,,
2026-08-19T19:54:27+00:00,,,,,
2026-08-19T20:20:28+00:00,,,,,
2026-08-19T20:49:22+00:00,,,,,
2026-08-19T21:12:10+00:00,,,,,
2026-08-19T21:41:29+00:00,,,,,
2026-08-19T22:00:32+00:00,,,,,
2026-08-19T22:33:35+00:00,,,,,
2026-08-19T22:55:21+00:00,,,,,
2026-08-19T23:19:46+00:00,,,,,
2026-08-19T23:41:45+00:00,,,,,
2026-08-19T23:58:54+00:00,,,,,
2026-08-20T01:41:53+00:00,,,,,
2026-08-20T02:42:58+00:00,,,,,
2026-08-20T03:30:29+00:00,,,,,
2026-08-20T04:10:23+00:00,,,,,
2026-08-20T04:52:21+00:00,,,,,
2026-08-20T05:20:28+00:00,,,,,
2026-08-20T05:52:10+00:00,,,,,
2026-08-20T06:24:04+00:00,,,,,
2026-08-20T07:21:29+00:00,,,,,
2026-08-20T08:00:59+00:00,,,,,
2026-08-20T08:50:01+00:00,,,,,
2026-08-20T09:19:26+00:00,,,,,
2026-08-20T09:54:05+00:00,,,,,
2026-08-20T10:22:59+00:00,,,,,
2026-08-20T10:54:58+00:00,,,,,
2026-08-20T11:22:32+00:00,,,,,
2026-08-20T11:49:15+00:00,,,,,
2026-08-20T12:16:30+00:00,,,,,
2026-08-20T13:15:05+00:00,,,,,
2026-08-20T14:01:24+00:00,,,,,
2026-08-20T14:46:51+00:00,,,,,
2026-08-20T15:18:14+00:00,,,,,
2026-08-20T15:52:21+00:00,,,,,
2026-08-20T16:21:25+00:00,,,,,
2026-08-20T16:56:45+00:00,,,,,
2026-08-20T17:29:58+00:00,,,,,
2026-08-20T17:58:18+00:00,,,,,
2026-08-20T18:48:29+00:00,,,,,
2026-08-20T19:19:53+00:00,,,,,
2026-08-20T19:50:03+00:00,,,,,
2026-08-20T20:12:45+00:00,,,,,
2026-08-20T20:47:30+00:00,,,,,
2026-08-20T21:12:56+00:00,,,,,
2026-08-20T21:44:23+00:00,,,,,
2026-08-20T22:02:50+00:00,,,,,
2026-08-20T22:38:15+00:00,,,,,
2026-08-20T23:00:49+00:00,,,,,
2026-08-20T23:33:43+00:00,,,,,
2026-08-20T23:54:46+00:00,,,,,
2026-08-21T01:03:49+00:00,,,,,
2026-08-21T02:35:24+00:00,,,,,
2026-08-21T03:32:48+00:00,,,,,
2026-08-21T04:19:10+00:00,,,,,
2026-08-21T04:58:15+00:00,,,,,
2026-08-21T05:36:44+00:00,,,,,
2026-08-21T06:01:50+00:00,,,,,
2026-08-21T07:01:22+00:00,,,,,
2026-08-21T07:50:44+00:00,,,,,
2026-08-21T08:21:34+00:00,,,,,
2026-08-21T09:04:06+00:00,,,,,
2026-08-21T09:48:34+00:00,,,,,
2026-08-21T10:14:50+00:00,,,,,
2026-08-21T10:50:03+00:00,,,,,
2026-08-21T11:13:02+00:00,,,,,
2026-08-21T11:43:18+00:00,,,,,
2026-08-21T12:03:29+00:00,,,,,
2026-08-21T13:05:19+00:00,,,,,
2026-08-21T13:54:25+00:00,,,,,
2026-08-21T14:29:10+00:00,,,,,
2026-08-21T15:04:41+00:00,,,,,
2026-08-21T15:44:35+00:00,,,,,
2026-08-21T16:12:58+00:00,,,,,
2026-08-21T16:52:11+00:00,,,,,
2026-08-21T17:18:27+00:00,,,,,
2026-08-21T17:50:06+00:00,,,,,
2026-08-21T18:16:03+00:00,,,,,
2026-08-21T19:00:17+00:00,,,,,
2026-08-21T19:31:05+00:00,,,,,
2026-08-21T19:50:28+00:00,,,,,
2026-08-21T20:09:24+00:00,,,,,
2026-08-21T20:39:24+00:00,,,,,
2026-08-21T20:59:06+00:00,,,,,
2026-08-21T21:31:22+00:00,,,,,
2026-08-21T21:53:23+00:00,,,,,
2026-08-21T22:15:10+00:00,,,,,
2026-08-21T22:44:15+00:00,,,,,
2026-08-21T23:02:12+00:00,,,,,
2026-08-21T23:32:42+00:00,,,,,
2026-08-21T23:53:32+00:00,,,,,
2026-08-22T00:49:05+00:00,,,,,
2026-08-22T02:06:05+00:00,,,,,
2026-08-22T03:04:33+00:00,,,,,
2026-08-22T03:51:44+00:00,,,,,
2026-08-22T04:20:11+00:00,,,,,
2026-08-22T04:54:24+00:00,,,,,
2026-08-22T05:21:33+00:00,,,,,
2026-08-22T05:48:30+00:00,,,,,
2026-08-22T06:14:48+00:00,,,,,
2026-08-22T07:01:55+00:00,,,,,
2026-08-22T07:38:43+00:00,,,,,
2026-08-22T07:59:10+00:00,,,,,
2026-08-22T08:39:04+00:00,,,,,
2026-08-22T09:02:14+00:00,,,,,
2026-08-22T09:36:01+00:00,,,,,
2026-08-22T09:55:49+00:00,,,,,
2026-08-22T10:20:59+00:00,,,,,
2026-08-22T10:44:48+00:00,,,,,
2026-08-22T11:01:16+00:00,,,,,
2026-08-22T11:29:00+00:00,,,,,
2026-08-22T11:48:29+00:00,,,,,
2026-08-22T12:01:18+00:00,,,,,
2026-08-22T12:54:45+00:00,,,,,
2026-08-22T13:27:51+00:00,,,,,
2026-08-22T13:53:03+00:00,,,,,
2026-08-22T14:12:34+00:00,,,,,
2026-08-22T14:39:31+00:00,,,,,
2026-08-22T14:57:41+00:00,,,,,
2026-08-22T15:25:04+00:00,,,,,
2026-08-22T15:44:50+00:00,,,,,
2026-08-22T15:59:20+00:00,,,,,
2026-08-22T16:32:58+00:00,,,,,
2026-08-22T16:54:47+00:00,,,,,
2026-08-22T17:16:35+00:00,,,,,
2026-08-22T17:40:02+00:00,,,,,
2026-08-22T17:57:22+00:00,,,,,
2026-08-22T18:34:12+00:00,,,,,
2026-08-22T19:00:44+00:00,,,,,
2026-08-22T19:29:15+00:00,,,,,
2026-08-22T19:47:53+00:00,,,,,
2026-08-22T20:00:46+00:00,,,,,
2026-08-22T20:33:07+00:00,,,,,
2026-08-22T20:54:01+00:00,,,,,
2026-08-22T21:15:17+00:00,,,,,
2026-08-22T21:39:23+00:00,,,,,
2026-08-22T21:56:32+00:00,,,,,
2026-08-22T22:22:09+00:00,,,,,
2026-08-22T22:43:48+00:00,,,,,
2026-08-22T23:00:16+00:00,,,,,
2026-08-22T23:28:31+00:00,,,,,
2026-08-22T23:47:45+00:00,,,,,
2026-08-23T00:00:36+00:00,,,,,
2026-08-23T01:53:27+00:00,,,,,
2026-08-23T02:55:15+00:00,,,,,
2026-08-23T03:47:42+00:00,,,,,
2026-08-23T04:23:26+00:00,,,,,
2026-08-23T04:59:36+00:00,,,,,
2026-08-23T05:36:29+00:00,,,,,
2026-08-23T05:59:23+00:00,,,,,
2026-08-23T06:53:51+00:00,,,,,
2026-08-23T07:27:34+00:00,,,,,
2026-08-23T07:56:54+00:00,,,,,
2026-08-23T08:31:39+00:00,,,,,
2026-08-23T08:59:58+00:00,,,,,
2026-08-23T09:35:29+00:00,,,,,
2026-08-23T09:55:38+00:00,,,,,
2026-08-23T10:21:39+00:00,,,,,
2026-08-23T10:46:12+00:00,,,,,
2026-08-23T11:02:34+00:00,,,,,
2026-08-23T11:30:11+00:00,,,,,
2026-08-23T11:49:42+00:00,,,,,
2026-08-23T12:10:49+00:00,,,,,
2026-08-23T13:01:35+00:00,,,,,
2026-08-23T13:39:52+00:00,,,,,
2026-08-23T13:59:01+00:00,,,,,
2026-08-23T14:30:12+00:00,,,,,
2026-08-23T14:52:48+00:00,,,,,
2026-08-23T15:13:04+00:00,,,,,
2026-08-23T15:38:09+00:00,,,,,
2026-08-23T15:55:58+00:00,,,,,
2026-08-23T16:23:41+00:00,,,,,
2026-08-23T16:49:06+00:00,,,,,
2026-08-23T17:09:03+00:00,,,,,
2026-08-23T17:32:47+00:00,,,,,
2026-08-23T17:51:25+00:00,,,,,
2026-08-23T18:10:47+00:00,,,,,
2026-08-23T18:47:41+00:00,,,,,
2026-08-23T19:10:42+00:00,,,,,
2026-08-23T19:34:03+00:00,,,,,
2026-08-23T19:51:11+00:00,,,,,
2026-08-23T20:06:57+00:00,,,,,
2026-08-23T20:35:58+00:00,,,,,
2026-08-23T20:55:41+00:00,,,,,
2026-08-23T21:19:36+00:00,,,,,
2026-08-23T21:40:38+00:00,,,,,
2026-08-23T21:56:47+00:00,,,,,
2026-08-23T22:23:03+00:00,,,,,
2026-08-23T22:44:56+00:00,,,,,
2026-08-23T23:00:45+00:00,,,,,
2026-08-23T23:29:14+00:00,,,,,
2026-08-23T23:48:38+00:00,,,,,
2026-08-24T00:01:18+00:00,,,,,
2026-08-24T01:51:46+00:00,,,,,
2026-08-24T02:53:28+00:00,,,,,
2026-08-24T03:47:16+00:00,,,,,
2026-08-24T04:30:44+00:00,,,,,
2026-08-24T05:21:16+00:00,,,,,
2026-08-24T05:58:31+00:00,,,,,
2026-08-24T07:09:48+00:00,,,,,
2026-08-24T08:03:09+00:00,,,,,
2026-08-24T08:59:13+00:00,,,,,
2026-08-24T09:55:43+00:00,,,,,
2026-08-24T10:35:13+00:00,,,,,
2026-08-24T11:04:34+00:00,,,,,
2026-08-24T11:38:47+00:00,,,,,
2026-08-24T12:00:06+00:00,,,,,
2026-08-24T13:05:39+00:00,,,,,
2026-08-24T13:58:21+00:00,,,,,
2026-08-24T14:48:20+00:00,,,,,
2026-08-24T15:24:15+00:00,,,,,
2026-08-24T16:02:50+00:00,,,,,
2026-08-24T16:50:07+00:00,,,,,
2026-08-24T17:18:46+00:00,,,,,
2026-08-24T17:51:27+00:00,,,,,
2026-08-24T18:19:51+00:00,,,,,
2026-08-24T19:06:11+00:00,,,,,
2026-08-24T19:39:34+00:00,,,,,
2026-08-24T20:01:35+00:00,,,,,
2026-08-24T20:40:23+00:00,,,,,
2026-08-24T21:04:33+00:00,,,,,
2026-08-24T21:39:09+00:00,,,,,
2026-08-24T21:59:48+00:00,,,,,
2026-08-24T22:35:32+00:00,,,,,
2026-08-24T22:57:59+00:00,,,,,
2026-08-24T23:25:51+00:00,,,,,
2026-08-24T23:46:08+00:00,,,,,
2026-08-25T00:01:37+00:00,,,,,
